"Time (s)","Latitude (°)","Longitude (°)","Height (m)","Velocity (m/s)","Direction (°)","Horizontal Accuracy (m)","Vertical Accuracy (m)"
7.113290900E-2,6.500814680E1,2.546770010E1,1.033495499E1,NaN,NaN,1.372399998E1,1.728203893E0
1.495864616E0,6.500814680E1,2.546770010E1,1.033495499E1,NaN,NaN,2.369200134E1,3.721803904E0
3.226132909E0,6.500783667E1,2.546802833E1,1.753509405E1,0.000000000E0,0.000000000E0,1.566999969E2,1.626999969E2
4.226132909E0,6.500791333E1,2.546789667E1,1.413505603E1,0.000000000E0,0.000000000E0,8.199999809E0,1.124000015E2
5.739132909E0,6.500797500E1,2.546771833E1,2.773502061E1,7.499502897E-1,2.089199982E2,5.900000095E0,5.940000153E1
6.739132909E0,6.500804167E1,2.546761167E1,3.193498804E1,1.114373565E0,2.118300018E2,4.800000191E0,5.020000076E1
7.739132909E0,6.500811167E1,2.546763000E1,2.933496256E1,5.734005570E-1,2.288500061E2,4.300000191E0,4.609999847E1
8.739132909E0,6.500810833E1,2.546750333E1,2.293495535E1,1.178713888E-1,2.425599976E2,3.200000048E0,3.659999847E1
9.739132909E0,6.500812000E1,2.546746500E1,2.283494834E1,7.386263609E-1,2.039900055E2,2.799999952E0,3.609999847E1
1.073913291E1,6.500812500E1,2.546746000E1,2.293494609E1,8.956166506E-1,1.933899994E2,2.599999905E0,3.620000076E1
1.173913291E1,6.500813167E1,2.546746667E1,2.333494399E1,7.561269403E-1,2.129700012E2,2.500000000E0,3.709999847E1
1.273913291E1,6.500813667E1,2.546745000E1,2.443494097E1,3.618497252E-1,2.219299927E2,2.400000095E0,3.609999847E1
1.373913291E1,6.500814333E1,2.546744167E1,2.463493787E1,3.479522169E-1,3.331199951E2,2.299999952E0,3.709999847E1
1.473913291E1,6.500815167E1,2.546742667E1,2.463493368E1,2.460372150E-1,3.423999939E2,2.200000048E0,3.690000153E1
1.573913291E1,6.500815333E1,2.546742667E1,2.383493304E1,9.815752506E-1,3.267099915E2,2.200000048E0,3.809999847E1
1.673913291E1,6.500816167E1,2.546739000E1,2.343492741E1,1.310482740E0,3.261199951E2,2.099999905E0,3.520000076E1
1.773913291E1,6.500816833E1,2.546735500E1,2.303492252E1,1.533872247E0,3.030499878E2,2.000000000E0,3.329999924E1
1.873913291E1,6.500817500E1,2.546731333E1,2.253491718E1,1.203935266E0,3.087300110E2,2.000000000E0,3.229999924E1
1.973913291E1,6.500818167E1,2.546729333E1,2.163491330E1,9.681925178E-1,3.059299927E2,2.000000000E0,3.129999924E1
2.073913291E1,6.500818833E1,2.546727833E1,2.083490975E1,7.916427851E-1,2.870700073E2,2.000000000E0,3.060000038E1
2.173913291E1,6.500819333E1,2.546725667E1,2.003490639E1,8.945872188E-1,2.889500122E2,2.000000000E0,2.829999924E1
2.273913291E1,6.500819667E1,2.546723333E1,1.943490355E1,1.294526339E0,2.794800110E2,1.899999976E0,2.870000076E1
2.373913291E1,6.500819667E1,2.546721500E1,1.883490232E1,1.001134753E0,2.620400085E2,1.899999976E0,2.550000000E1
2.473913291E1,6.500820333E1,2.546720000E1,1.783489877E1,1.079372525E0,3.111799927E2,1.899999976E0,2.529999924E1
2.573913291E1,6.500820667E1,2.546719333E1,1.653489705E1,1.100476146E0,3.100100098E2,1.899999976E0,2.229999924E1
2.673913291E1,6.500821333E1,2.546717167E1,1.573489306E1,1.092240572E0,3.302500000E2,1.799999952E0,2.189999962E1
2.773913291E1,6.500822167E1,2.546715333E1,1.503488864E1,1.050548077E0,3.084500122E2,1.899999976E0,2.229999924E1
2.873913291E1,6.500822833E1,2.546712667E1,1.473488431E1,1.046430230E0,2.907300110E2,1.899999976E0,3.079999924E1
2.973913291E1,6.500823167E1,2.546709000E1,1.453488058E1,1.053121686E0,3.079400024E2,1.899999976E0,2.629999924E1
3.073913291E1,6.500824000E1,2.546706667E1,1.383487583E1,1.061871886E0,3.087900085E2,1.899999976E0,2.579999924E1
3.199993629E1,6.500829490E1,2.546649950E1,1.023481758E1,NaN,NaN,1.833799934E1,1.000000000E0
3.608793629E1,6.500827333E1,2.546676667E1,1.363484298E1,0.000000000E0,0.000000000E0,3.299999952E0,5.179999924E1
3.708793629E1,6.500826000E1,2.546699000E1,1.363486305E1,0.000000000E0,0.000000000E0,4.099999905E0,5.379999924E1
3.901093629E1,6.500828000E1,2.546671833E1,1.353483719E1,0.000000000E0,0.000000000E0,4.099999905E0,5.740000153E1
4.001093629E1,6.500828333E1,2.546670000E1,1.363483469E1,6.078869700E-1,1.480000019E0,4.099999905E0,6.250000000E1
4.101093629E1,6.500829833E1,2.546687500E1,1.353484069E1,8.745130301E-1,3.092200012E2,4.000000000E0,6.769999695E1
4.201093629E1,6.500833833E1,2.546681667E1,1.353482149E1,1.065474987E0,3.335899963E2,3.900000095E0,6.940000153E1
4.301093629E1,6.500836667E1,2.546678500E1,1.343480853E1,8.889252543E-1,3.496700134E2,3.799999952E0,7.130000305E1
4.401093629E1,6.500838167E1,2.546676500E1,1.333480145E1,8.492916822E-1,2.049999952E0,3.799999952E0,7.509999847E1
4.501093629E1,6.500841167E1,2.546670667E1,1.323478607E1,1.224524140E0,3.397999878E2,3.599999905E0,7.519999695E1
4.601093629E1,6.500841667E1,2.546663833E1,1.323477956E1,1.020694137E0,3.360199890E2,3.599999905E0,5.950000000E1
4.701093629E1,6.500843167E1,2.546659000E1,1.333477058E1,7.623035908E-1,3.465299988E2,3.400000095E0,5.759999847E1
4.801093629E1,6.500843833E1,2.546655833E1,1.343476590E1,6.356819272E-1,3.539999962E0,3.400000095E0,6.029999924E1
4.901093629E1,6.500844667E1,2.546653500E1,1.353476115E1,5.718563795E-1,3.548299866E2,3.400000095E0,6.259999847E1
5.001093629E1,6.500845167E1,2.546649833E1,1.363475677E1,5.739153028E-1,3.307300110E2,3.400000095E0,3.670000076E1
5.101093629E1,6.500846000E1,2.546644833E1,1.373475022E1,8.359088898E-1,3.152000122E2,3.400000095E0,3.479999924E1
5.201093629E1,6.500848667E1,2.546644167E1,1.373473957E1,6.176666617E-1,3.502699890E2,3.400000095E0,3.440000153E1
5.301093629E1,6.500849000E1,2.546642333E1,1.383473706E1,6.279610991E-1,2.971000061E2,3.400000095E0,3.529999924E1
5.401093629E1,6.500848333E1,2.546634667E1,1.373473446E1,2.949358225E-1,3.042799988E2,3.299999952E0,3.570000076E1
5.501093629E1,6.500849333E1,2.546626833E1,1.343472537E1,5.239872336E-1,2.730899963E2,3.000000000E0,3.640000153E1
5.601093629E1,6.500849167E1,2.546618667E1,1.323472051E1,7.144344449E-1,2.441999969E2,2.900000095E0,3.089999962E1
5.701093629E1,6.500848833E1,2.546619833E1,1.323472257E1,6.068574786E-1,2.283999939E2,2.799999952E0,3.200000000E1
5.801093629E1,6.500848500E1,2.546621167E1,1.323472475E1,5.991366506E-1,2.188300018E2,2.799999952E0,3.359999847E1
5.901093629E1,6.500848167E1,2.546618000E1,1.323472389E1,5.991366506E-1,2.266799927E2,2.799999952E0,3.570000076E1
6.001093629E1,6.500848000E1,2.546608833E1,1.283471837E1,6.068574786E-1,2.391900024E2,2.599999905E0,3.329999924E1
6.101093629E1,6.500847833E1,2.546600500E1,1.253471341E1,5.852391720E-1,2.454499969E2,2.500000000E0,3.390000153E1
6.201093629E1,6.500848167E1,2.546597667E1,1.223471022E1,5.759741664E-1,2.530899963E2,2.500000000E0,3.459999847E1
6.301093629E1,6.500847667E1,2.546585167E1,1.223470374E1,5.811213851E-1,2.491000061E2,2.299999952E0,3.250000000E1
6.401093629E1,6.500847167E1,2.546576000E1,1.243469949E1,6.331083179E-1,2.423500061E2,2.200000048E0,3.309999847E1
6.501093629E1,6.500846833E1,2.546571833E1,1.243469797E1,6.516383290E-1,2.302500000E2,2.099999905E0,3.229999924E1
6.601093629E1,6.500846500E1,2.546567833E1,1.243469656E1,6.516383290E-1,2.306499939E2,2.099999905E0,3.229999924E1
6.701093629E1,6.500846333E1,2.546563833E1,1.233469451E1,6.629621983E-1,2.307400055E2,2.000000000E0,3.320000076E1
6.801093629E1,6.500846000E1,2.546561333E1,1.213469410E1,7.025958300E-1,2.278999939E2,1.899999976E0,3.359999847E1
6.901093629E1,6.500845500E1,2.546560000E1,1.193469512E1,7.061988711E-1,2.377200012E2,1.899999976E0,3.420000076E1
7.001093629E1,6.500845333E1,2.546558500E1,1.173469475E1,7.164933085E-1,2.344900055E2,1.899999976E0,3.529999924E1
7.101093629E1,6.500845167E1,2.546557333E1,1.153469461E1,7.458325028E-1,2.305500031E2,1.899999976E0,3.050000000E1
7.201093629E1,6.500844667E1,2.546555833E1,1.133469552E1,8.132610917E-1,2.259900055E2,1.899999976E0,2.979999924E1
7.301093629E1,6.500843833E1,2.546554167E1,1.103469759E1,8.693658113E-1,2.194499969E2,1.899999976E0,3.039999962E1
7.401093629E1,6.500842833E1,2.546552333E1,1.063470020E1,9.095141888E-1,2.123200073E2,1.899999976E0,2.810000038E1
7.501093629E1,6.500841833E1,2.546550500E1,1.033470280E1,9.440005422E-1,2.026699982E2,2.000000000E0,2.939999962E1
7.601093629E1,6.500840500E1,2.546549000E1,1.003470690E1,1.015032172E0,2.120000000E2,2.000000000E0,2.839999962E1
7.701093629E1,6.500839000E1,2.546546667E1,9.734711086E0,1.102535009E0,2.120000000E2,1.899999976E0,2.900000000E1
7.801093629E1,6.500837667E1,2.546544667E1,9.534714856E0,1.129815221E0,2.120000000E2,1.899999976E0,2.889999962E1
7.901093629E1,6.500836000E1,2.546542167E1,9.334719568E0,1.183346391E0,2.120000000E2,2.000000000E0,2.939999962E1
8.001093629E1,6.500834167E1,2.546539667E1,9.234724921E0,1.257981062E0,2.120000000E2,1.899999976E0,2.620000076E1
8.101093629E1,6.500832333E1,2.546536833E1,9.034730050E0,1.332615852E0,2.120000000E2,1.799999952E0,2.550000000E1
8.201093629E1,6.500830667E1,2.546534333E1,9.134734765E0,1.357837200E0,2.120000000E2,1.799999952E0,2.539999962E1
8.301093629E1,6.500829167E1,2.546532167E1,9.234739065E0,1.359896064E0,2.120000000E2,1.700000048E0,2.650000000E1
8.401093629E1,6.500828500E1,2.546531167E1,9.534740951E0,1.380999684E0,2.120000000E2,1.700000048E0,2.579999924E1
8.501093629E1,6.500827500E1,2.546529667E1,9.834743781E0,1.420633316E0,2.120000000E2,1.700000048E0,2.279999924E1
8.601093629E1,6.500826667E1,2.546528333E1,1.023474608E1,1.394382477E0,2.120000000E2,1.700000048E0,1.860000038E1
8.701093629E1,6.500825833E1,2.546527333E1,1.063474861E1,1.294011712E0,2.120000000E2,1.700000048E0,1.820000076E1
8.801093629E1,6.500825000E1,2.546526000E1,1.093475091E1,1.277025819E0,2.120000000E2,1.700000048E0,1.860000038E1
8.901093629E1,6.500824000E1,2.546524333E1,1.113475363E1,1.247171998E0,2.120000000E2,1.700000048E0,1.850000000E1
9.001093629E1,6.500823000E1,2.546523167E1,1.153475669E1,1.200332165E0,2.120000000E2,1.700000048E0,1.779999924E1
9.101093629E1,6.500821833E1,2.546521500E1,1.183476004E1,1.130329967E0,2.120000000E2,1.799999952E0,1.820000076E1
9.201093629E1,6.500821667E1,2.546521167E1,1.223476046E1,1.065474987E0,2.120000000E2,1.799999952E0,1.839999962E1
9.301093629E1,6.500820833E1,2.546519833E1,1.233476276E1,1.020694137E0,2.120000000E2,1.799999952E0,1.829999924E1
9.401093629E1,6.500820000E1,2.546518500E1,1.213476507E1,9.542949796E-1,2.120000000E2,1.899999976E0,1.879999924E1
9.501093629E1,6.500819167E1,2.546517333E1,1.173476748E1,8.755425215E-1,2.120000000E2,1.899999976E0,1.850000000E1
9.601093629E1,6.500818333E1,2.546516333E1,1.153477001E1,8.019372225E-1,2.120000000E2,1.899999976E0,1.879999924E1
9.701093629E1,6.500817667E1,2.546515167E1,1.143477179E1,7.926722169E-1,2.120000000E2,1.899999976E0,2.179999924E1
9.801093629E1,6.500817000E1,2.546514000E1,1.113477357E1,7.566416860E-1,2.120000000E2,1.899999976E0,2.200000000E1
9.901093629E1,6.500815667E1,2.546512333E1,1.073477757E1,7.602447271E-1,2.120000000E2,1.899999976E0,2.160000038E1
1.000109363E2,6.500814667E1,2.546510667E1,1.043478029E1,7.185522318E-1,2.120000000E2,2.000000000E0,2.220000076E1
1.010109363E2,6.500813500E1,2.546509000E1,1.003478365E1,6.959044337E-1,2.120000000E2,2.000000000E0,2.210000038E1
1.020109363E2,6.500812000E1,2.546506833E1,9.734787954E0,6.989927888E-1,2.120000000E2,2.000000000E0,2.139999962E1
1.030109363E2,6.500810667E1,2.546504833E1,9.634791733E0,7.123755813E-1,2.120000000E2,2.000000000E0,2.160000038E1
1.040109363E2,6.500809667E1,2.546503333E1,9.234794567E0,7.602447271E-1,2.120000000E2,2.000000000E0,2.239999962E1
1.050109363E2,6.500808333E1,2.546501333E1,9.434798347E0,8.091433048E-1,2.120000000E2,2.000000000E0,2.270000076E1
1.060109363E2,6.500807500E1,2.546500167E1,9.534800765E0,8.544389009E-1,2.120000000E2,2.000000000E0,2.379999924E1
1.070109363E2,6.500806667E1,2.546499000E1,9.734803183E0,9.172350168E-1,2.120000000E2,2.000000000E0,2.229999924E1
1.080109363E2,6.500805500E1,2.546497000E1,9.834806324E0,9.805458188E-1,2.120000000E2,2.000000000E0,2.260000038E1
1.090109363E2,6.500804333E1,2.546495500E1,9.834809799E0,1.042827249E0,2.120000000E2,2.000000000E0,2.250000000E1
1.100109363E2,6.500803000E1,2.546493667E1,1.003481369E1,1.112829447E0,2.120000000E2,2.000000000E0,2.139999962E1
1.110109363E2,6.500801333E1,2.546491000E1,1.023481831E1,1.162242770E0,2.120000000E2,2.000000000E0,2.220000076E1
1.120109363E2,6.500799333E1,2.546488167E1,1.053482409E1,1.217318058E0,2.120000000E2,1.899999976E0,2.310000038E1
1.130109363E2,6.500798000E1,2.546486167E1,1.063482788E1,1.271363854E0,2.120000000E2,1.899999976E0,2.220000076E1
1.140109363E2,6.500797000E1,2.546484667E1,1.063483071E1,1.276511073E0,2.120000000E2,1.899999976E0,2.300000000E1
1.150109363E2,6.500795833E1,2.546483000E1,1.053483408E1,1.279599428E0,2.120000000E2,1.899999976E0,2.279999924E1
1.160109363E2,6.500794833E1,2.546481500E1,1.053483692E1,1.326439142E0,2.120000000E2,1.899999976E0,2.320000076E1
1.170109363E2,6.500793667E1,2.546479667E1,1.053484017E1,1.320262551E0,2.120000000E2,1.899999976E0,2.270000076E1
1.180109363E2,6.500792167E1,2.546477500E1,1.063484449E1,1.290408611E0,2.120000000E2,1.899999976E0,2.110000038E1
1.190109363E2,6.500791167E1,2.546476000E1,1.103484733E1,1.267246127E0,2.120000000E2,1.899999976E0,2.129999924E1
1.200109363E2,6.500790500E1,2.546475000E1,1.103484922E1,1.269819736E0,2.120000000E2,1.899999976E0,2.060000038E1
1.210109363E2,6.500789333E1,2.546473333E1,1.093485259E1,1.257466435E0,2.120000000E2,1.899999976E0,2.129999924E1
1.220109363E2,6.500788333E1,2.546471833E1,1.063485543E1,1.251289725E0,2.120000000E2,1.899999976E0,2.210000038E1
1.230109363E2,6.500787167E1,2.546470167E1,1.053485880E1,1.225038886E0,2.120000000E2,1.899999976E0,2.260000038E1
1.240109363E2,6.500786167E1,2.546468500E1,1.053486153E1,1.237392187E0,2.120000000E2,1.899999976E0,2.239999962E1
1.250109363E2,6.500784667E1,2.546467500E1,1.023486662E1,1.210111976E0,1.855700073E2,1.899999976E0,2.239999962E1
1.260109363E2,6.500783833E1,2.546463500E1,9.934867153E0,1.155036688E0,2.346799927E2,1.899999976E0,2.250000000E1
1.270109363E2,6.500783167E1,2.546459333E1,9.634866936E0,1.143712759E0,2.490599976E2,1.899999976E0,2.179999924E1
1.280109363E2,6.500782500E1,2.546454667E1,9.434866386E0,1.184375882E0,2.389400024E2,1.799999952E0,2.070000076E1
1.290109363E2,6.500781833E1,2.546450000E1,9.334865837E0,1.184890509E0,2.621199951E2,1.799999952E0,1.889999962E1
1.300109363E2,6.500781500E1,2.546445667E1,9.134864229E0,1.181802273E0,2.509900055E2,1.799999952E0,1.760000038E1
1.310109363E2,6.500781333E1,2.546442333E1,8.934862648E0,1.233789206E0,2.673500061E2,1.700000048E0,1.739999962E1
1.320109363E2,6.500781000E1,2.546439333E1,8.634861929E0,1.263128281E0,2.623500061E2,1.600000024E0,1.710000038E1
1.330109363E2,6.500781000E1,2.546435833E1,8.734859596E0,1.287835002E0,2.714200134E2,1.600000024E0,1.750000000E1
1.340109363E2,6.500781000E1,2.546432667E1,8.834857485E0,1.312026978E0,2.702999878E2,1.600000024E0,1.800000000E1
1.350109363E2,6.500781000E1,2.546429667E1,8.834855486E0,1.359381437E0,2.662200012E2,1.600000024E0,1.760000038E1
1.360109363E2,6.500780833E1,2.546427667E1,8.734854793E0,1.349601626E0,2.443699951E2,1.600000024E0,1.789999962E1
1.370109363E2,6.500780833E1,2.546426000E1,8.734853683E0,1.332615852E0,2.629700012E2,1.700000048E0,1.839999962E1
1.380109363E2,6.500780667E1,2.546424000E1,8.834852990E0,1.282173038E0,2.574800110E2,1.700000048E0,1.939999962E1
1.390109363E2,6.500780333E1,2.546421333E1,9.034852494E0,1.312541723E0,2.531100006E2,1.799999952E0,2.029999924E1
1.400109363E2,6.500780000E1,2.546418500E1,9.334851888E0,1.349087000E0,2.559499969E2,1.799999952E0,1.939999962E1
1.410109363E2,6.500779667E1,2.546415500E1,9.634851170E0,1.356807828E0,2.457400055E2,1.799999952E0,2.010000038E1
1.420109363E2,6.500779500E1,2.546411500E1,9.734849146E0,1.304820776E0,2.425000000E2,2.000000000E0,1.870000076E1
1.430109363E2,6.500779167E1,2.546408167E1,9.534848206E0,1.259010553E0,2.605899963E2,2.000000000E0,1.900000000E1
1.440109363E2,6.500779167E1,2.546404833E1,9.334845985E0,1.222465277E0,2.553800049E2,2.000000000E0,1.900000000E1
1.450109363E2,6.500778833E1,2.546401833E1,8.834845268E0,1.226583004E0,2.571199951E2,1.899999976E0,1.629999924E1
1.460109363E2,6.500778667E1,2.546399000E1,8.734844021E0,1.339821935E0,2.600299988E2,1.899999976E0,1.539999962E1
1.470109363E2,6.500778333E1,2.546394667E1,8.534842416E0,1.432471991E0,2.627999878E2,1.899999976E0,1.550000000E1
1.480109363E2,6.500777833E1,2.546390833E1,8.234841785E0,1.481885314E0,2.430800018E2,2.000000000E0,1.539999962E1
1.490109363E2,6.500777500E1,2.546386833E1,7.934840403E0,1.478282213E0,2.653200073E2,1.899999976E0,1.530000019E1
1.500109363E2,6.500777167E1,2.546383667E1,7.634839576E0,1.441222191E0,2.597000122E2,1.899999976E0,1.519999981E1
1.510109363E2,6.500776833E1,2.546380667E1,7.534838860E0,1.387176394E0,2.508099976E2,1.899999976E0,1.510000038E1
1.520109363E2,6.500776500E1,2.546377500E1,7.234838033E0,1.447913647E0,2.613599854E2,1.899999976E0,1.510000038E1
1.530109363E2,6.500776167E1,2.546373500E1,7.034836652E0,1.478796959E0,2.505399933E2,2.000000000E0,1.569999981E1
1.540109363E2,6.500775667E1,2.546370667E1,6.734836689E0,1.490635514E0,2.432299957E2,2.000000000E0,1.800000000E1
1.550109363E2,6.500775000E1,2.546366333E1,6.334836369E0,1.528725028E0,2.471399994E2,2.000000000E0,1.689999962E1
1.560109363E2,6.500774833E1,2.546362000E1,6.134834125E0,1.518430591E0,2.479499969E2,2.000000000E0,1.660000038E1
1.570109363E2,6.500774167E1,2.546357667E1,6.034833805E0,1.546740294E0,2.500399933E2,2.000000000E0,1.700000000E1
1.580109363E2,6.500773333E1,2.546351833E1,9.034833130E0,1.563726068E0,2.469199982E2,2.099999905E0,1.670000076E1
1.590109363E2,6.500773167E1,2.546348667E1,1.053483166E1,1.572991133E0,2.513200073E2,2.099999905E0,1.720000076E1
1.600109363E2,6.500772833E1,2.546347333E1,1.113483206E1,1.581226707E0,2.496000061E2,2.000000000E0,1.639999962E1
1.610109363E2,6.500772333E1,2.546342000E1,1.153483043E1,1.643508077E0,2.521399994E2,1.899999976E0,1.689999962E1
1.620109363E2,6.500772000E1,2.546340167E1,1.183483050E1,1.637331367E0,2.610000000E2,1.899999976E0,1.639999962E1
1.630109363E2,6.500771833E1,2.546338500E1,1.213483003E1,1.655346632E0,2.610000000E2,1.899999976E0,1.679999924E1
1.640109363E2,6.500771667E1,2.546336500E1,1.233482934E1,1.652258277E0,2.610000000E2,1.799999952E0,1.770000076E1
1.650109363E2,6.500771500E1,2.546332500E1,1.253482732E1,1.628581166E0,2.610000000E2,1.700000048E0,1.739999962E1
1.660109363E2,6.500771333E1,2.546330500E1,1.273482663E1,1.629610538E0,2.610000000E2,1.700000048E0,1.610000038E1
1.670109363E2,6.500771000E1,2.546325833E1,1.293482481E1,1.582770824E0,2.610000000E2,1.700000048E0,1.629999924E1
1.680109363E2,6.500770667E1,2.546321667E1,1.303482332E1,1.542622447E0,2.610000000E2,1.700000048E0,1.679999924E1
1.690109363E2,6.500770500E1,2.546318333E1,1.313482174E1,1.507106662E0,2.610000000E2,1.600000024E0,1.620000076E1
1.700109363E2,6.500770333E1,2.546315167E1,1.323482028E1,1.514312744E0,2.610000000E2,1.600000024E0,1.670000076E1
1.710109363E2,6.500770000E1,2.546312500E1,1.333481979E1,1.499900579E0,2.610000000E2,1.600000024E0,1.670000076E1
1.720109363E2,6.500769833E1,2.546309667E1,1.343481854E1,1.466443658E0,2.610000000E2,1.600000024E0,1.700000000E1
1.730109363E2,6.500769667E1,2.546307667E1,1.343481785E1,1.465928912E0,2.610000000E2,1.600000024E0,1.660000038E1
1.740109363E2,6.500769500E1,2.546305000E1,1.353481672E1,1.468502522E0,2.610000000E2,1.600000024E0,1.639999962E1
1.750109363E2,6.500769833E1,2.546302167E1,1.353481355E1,1.451516628E0,2.698699951E2,1.700000048E0,1.610000038E1
1.760109363E2,6.500770333E1,2.546299000E1,1.343480951E1,1.427839398E0,2.918900146E2,1.700000048E0,1.650000000E1
1.770109363E2,6.500771000E1,2.546295833E1,1.353480484E1,1.443281054E0,2.958900146E2,1.700000048E0,1.689999962E1
1.780109363E2,6.500771500E1,2.546292667E1,1.353480080E1,1.474679112E0,2.863500061E2,1.700000048E0,1.469999981E1
1.790109363E2,6.500771833E1,2.546289833E1,1.343479763E1,1.510195017E0,2.911700134E2,1.600000024E0,1.510000038E1
1.800109363E2,6.500772333E1,2.546287167E1,1.343479393E1,1.483944178E0,2.880599976E2,1.700000048E0,1.589999962E1
1.810109363E2,6.500772667E1,2.546284667E1,1.353479098E1,1.439678073E0,2.843299866E2,1.600000024E0,1.530000019E1
1.820109363E2,6.500773333E1,2.546282000E1,1.353478663E1,1.455119729E0,2.944400024E2,1.700000048E0,1.569999981E1
1.830109363E2,6.500774000E1,2.546279500E1,1.343478239E1,1.432471991E0,2.921400146E2,1.700000048E0,1.560000038E1
1.840109363E2,6.500774167E1,2.546277167E1,1.333478020E1,1.421148062E0,2.777799988E2,1.700000048E0,1.569999981E1
1.850109363E2,6.500774000E1,2.546274667E1,1.313477917E1,1.407250524E0,2.618900146E2,1.700000048E0,1.589999962E1
1.860109363E2,6.500773333E1,2.546272167E1,1.303478008E1,1.421148062E0,2.277899933E2,1.700000048E0,1.550000000E1
1.870109363E2,6.500772500E1,2.546270000E1,1.273478185E1,1.388720512E0,2.216600037E2,1.700000048E0,1.600000000E1
1.880109363E2,6.500771500E1,2.546268500E1,1.253478471E1,1.354234219E0,2.213099976E2,1.700000048E0,1.610000038E1
1.890109363E2,6.500770833E1,2.546267167E1,1.223478640E1,1.322321415E0,2.332400055E2,1.700000048E0,1.600000000E1
1.900109363E2,6.500770167E1,2.546265333E1,1.193478775E1,1.345483899E0,2.425399933E2,1.700000048E0,1.589999962E1
1.910109363E2,6.500769167E1,2.546263167E1,1.153479016E1,1.384602785E0,2.345200043E2,1.700000048E0,1.560000038E1
1.920109363E2,6.500768500E1,2.546260833E1,1.133479118E1,1.320262551E0,2.553699951E2,1.799999952E0,1.629999924E1
1.930109363E2,6.500768167E1,2.546258500E1,1.113479092E1,1.281658292E0,2.656900024E2,1.799999952E0,1.679999924E1
1.940109363E2,6.500767833E1,2.546255667E1,1.113479032E1,1.286805511E0,2.481199951E2,1.799999952E0,1.589999962E1
1.950109363E2,6.500767500E1,2.546253333E1,1.093479005E1,1.289379120E0,2.519400024E2,1.799999952E0,1.629999924E1
1.960109363E2,6.500767167E1,2.546251167E1,1.073478990E1,1.213714957E0,2.557299957E2,1.799999952E0,1.560000038E1
1.970109363E2,6.500767000E1,2.546247667E1,1.053478821E1,1.184375882E0,2.559600067E2,1.700000048E0,1.610000038E1
1.980109363E2,6.500766667E1,2.546244500E1,1.033478739E1,1.194670320E0,2.567300110E2,1.700000048E0,1.560000038E1
1.990109363E2,6.500766333E1,2.546241167E1,1.013478646E1,1.184890509E0,2.564899902E2,1.700000048E0,1.489999962E1
2.000109363E2,6.500766000E1,2.546238000E1,1.003478564E1,1.142168641E0,2.553399963E2,1.700000048E0,1.550000000E1
2.010109363E2,6.500765667E1,2.546234667E1,9.834784709E0,1.112314701E0,2.567900085E2,1.700000048E0,1.600000000E1
2.020109363E2,6.500765500E1,2.546231000E1,9.534782914E0,1.181802273E0,2.563599854E2,1.700000048E0,1.600000000E1
2.030109363E2,6.500765333E1,2.546227167E1,9.434781007E0,1.246142507E0,2.602000122E2,1.700000048E0,1.580000019E1
2.040109363E2,6.500765000E1,2.546223167E1,9.134779634E0,1.248716116E0,2.600100098E2,1.700000048E0,1.639999962E1
2.050109363E2,6.500764833E1,2.546220000E1,9.034778171E0,1.240480542E0,2.620000000E2,1.700000048E0,1.629999924E1
2.060109363E2,6.500764667E1,2.546217167E1,8.834776930E0,1.265187263E0,2.620000000E2,1.700000048E0,1.620000076E1
2.070109363E2,6.500764333E1,2.546214167E1,8.634776222E0,1.275996447E0,2.620000000E2,1.700000048E0,1.589999962E1
2.080109363E2,6.500764167E1,2.546211167E1,8.334774870E0,1.256951690E0,2.620000000E2,1.700000048E0,1.569999981E1
2.090109363E2,6.500764000E1,2.546208167E1,8.134773519E0,1.282687783E0,2.620000000E2,1.700000048E0,1.550000000E1
2.100109363E2,6.500763833E1,2.546204667E1,8.034771835E0,1.289893866E0,2.620000000E2,1.700000048E0,1.620000076E1
2.110109363E2,6.500763667E1,2.546202167E1,7.734770816E0,1.287320256E0,2.620000000E2,1.700000048E0,1.700000000E1
2.120109363E2,6.500763500E1,2.546199500E1,7.534769687E0,1.236877441E0,2.620000000E2,1.700000048E0,1.800000000E1
2.130109363E2,6.500763333E1,2.546197167E1,7.234768779E0,1.167904735E0,2.620000000E2,1.700000048E0,1.839999962E1
2.140109363E2,6.500763333E1,2.546195333E1,6.934767560E0,1.138050795E0,2.620000000E2,1.700000048E0,1.889999962E1
2.150109363E2,6.500763167E1,2.546192667E1,6.634766430E0,1.093269944E0,2.620000000E2,1.700000048E0,1.750000000E1
2.160109363E2,6.500763000E1,2.546190500E1,6.234765634E0,1.085549116E0,2.620000000E2,1.700000048E0,1.770000076E1
2.170109363E2,6.500762833E1,2.546187667E1,6.034764393E0,1.041283011E0,2.620000000E2,1.799999952E0,1.820000076E1
2.180109363E2,6.500762667E1,2.546185667E1,5.834763708E0,1.016061664E0,2.620000000E2,1.799999952E0,1.870000076E1
2.190109363E2,6.500762667E1,2.546183667E1,5.734762378E0,9.687072039E-1,2.620000000E2,1.799999952E0,1.839999962E1
2.200109363E2,6.500762500E1,2.546181333E1,5.534761470E0,9.553244710E-1,2.620000000E2,1.799999952E0,1.800000000E1
2.210109363E2,6.500762500E1,2.546179167E1,5.234760030E0,9.228969216E-1,2.604299927E2,1.799999952E0,1.839999962E1
2.220109363E2,6.500762500E1,2.546177000E1,4.734758589E0,8.899547458E-1,2.587399902E2,1.899999976E0,1.860000038E1
2.230109363E2,6.500762333E1,2.546174833E1,4.234757792E0,8.822339177E-1,2.491900024E2,1.899999976E0,1.750000000E1
2.240109363E2,6.500762333E1,2.546172500E1,3.634756241E0,8.544389009E-1,2.506000061E2,1.899999976E0,1.700000000E1
2.250109363E2,6.500762333E1,2.546169500E1,3.234754246E0,8.564977646E-1,2.577399902E2,1.899999976E0,1.689999962E1
2.260109363E2,6.500761500E1,2.546166500E1,2.834755473E0,8.477475047E-1,2.490000000E2,1.899999976E0,1.770000076E1
2.270109363E2,6.500761167E1,2.546163833E1,2.434754989E0,8.647333384E-1,2.526799927E2,1.899999976E0,1.760000038E1
2.280109363E2,6.500760833E1,2.546158167E1,2.334752511E0,8.889252543E-1,2.625899963E2,2.000000000E0,1.789999962E1
2.290109363E2,6.500760667E1,2.546153500E1,2.034750053E0,9.455447197E-1,2.681300049E2,2.000000000E0,1.660000038E1
2.300109363E2,6.500760667E1,2.546148667E1,1.734746840E0,9.985610843E-1,2.717200012E2,1.899999976E0,1.710000038E1
2.310109363E2,6.500760500E1,2.546144333E1,1.534744604E0,1.049003839E0,2.716499939E2,2.000000000E0,1.620000076E1
2.320109363E2,6.500760667E1,2.546138000E1,1.534739748E0,1.107167482E0,2.698099976E2,2.000000000E0,1.650000000E1
2.330109363E2,6.500760500E1,2.546132167E1,1.734736515E0,1.152977824E0,2.649599915E2,2.000000000E0,1.689999962E1
2.340109363E2,6.500760167E1,2.546129500E1,1.634736032E0,1.150404215E0,2.674500122E2,2.000000000E0,1.689999962E1
2.350109363E2,6.500759500E1,2.546127500E1,1.534737283E0,1.177169681E0,2.395899963E2,2.000000000E0,1.689999962E1
2.360109363E2,6.500758667E1,2.546124667E1,1.434738625E0,1.222465277E0,2.408399963E2,1.899999976E0,1.710000038E1
2.370109363E2,6.500758000E1,2.546121833E1,1.234739322E0,1.254378080E0,2.250700073E2,1.899999976E0,1.670000076E1
2.380109363E2,6.500757167E1,2.546119000E1,1.234740664E0,1.266216636E0,2.372200012E2,1.899999976E0,1.689999962E1
2.390109363E2,6.500756833E1,2.546116000E1,1.234739961E0,1.177684426E0,2.350899963E2,1.899999976E0,1.729999924E1
2.400109363E2,6.500756667E1,2.546113333E1,1.934738834E0,1.095843554E0,2.310299988E2,1.899999976E0,1.750000000E1
2.410109363E2,6.500756333E1,2.546110667E1,1.934738353E0,1.018120527E0,2.334199982E2,1.899999976E0,1.820000076E1
2.420109363E2,6.500755833E1,2.546108000E1,1.834738517E0,9.599569440E-1,2.356499939E2,2.000000000E0,1.850000000E1
2.430109363E2,6.500755500E1,2.546104667E1,1.734737593E0,9.110583067E-1,2.388099976E2,2.000000000E0,1.929999924E1
2.440109363E2,6.500754833E1,2.546102167E1,1.734738513E0,9.095141888E-1,2.338300018E2,2.000000000E0,2.020000076E1
2.450109363E2,6.500754167E1,2.546099500E1,1.934739323E0,8.801749945E-1,2.267899933E2,2.000000000E0,2.089999962E1
2.460109363E2,6.500753333E1,2.546097667E1,1.934741333E0,8.184083104E-1,2.151699982E2,2.000000000E0,2.139999962E1
2.470109363E2,6.500752500E1,2.546094333E1,2.434742346E0,7.808336020E-1,2.200299988E2,1.899999976E0,2.220000076E1
2.480109363E2,6.500751500E1,2.546091500E1,2.534744337E0,7.602447271E-1,2.204100037E2,2.000000000E0,2.220000076E1
2.490109363E2,6.500750333E1,2.546088500E1,2.434746864E0,7.859808207E-1,2.158800049E2,2.099999905E0,2.320000076E1
2.500109363E2,6.500749500E1,2.546086000E1,2.434748432E0,8.153200150E-1,2.243500061E2,2.200000048E0,2.310000038E1
2.510109363E2,6.500748333E1,2.546083000E1,2.334750960E0,8.611302972E-1,2.333300018E2,2.299999952E0,2.329999924E1
2.520109363E2,6.500748167E1,2.546078833E1,2.434748840E0,9.156908393E-1,2.518300018E2,2.400000095E0,2.339999962E1
2.530109363E2,6.500747333E1,2.546076000E1,2.334750188E0,9.440005422E-1,2.378300018E2,2.500000000E0,2.329999924E1
2.540109363E2,6.500747333E1,2.546072167E1,2.234747644E0,9.820899963E-1,2.571000061E2,2.500000000E0,2.129999924E1
2.550109363E2,6.500746667E1,2.546069333E1,2.134748347E0,1.000620008E0,2.409400024E2,2.599999905E0,2.160000038E1
2.560109363E2,6.500745500E1,2.546068667E1,2.634752425E0,1.016061664E0,2.351300049E2,2.400000095E0,2.129999924E1
2.570109363E2,6.500744333E1,2.546067833E1,3.134756393E0,1.019150019E0,2.193000031E2,2.200000048E0,2.160000038E1
2.580109363E2,6.500743667E1,2.546067667E1,3.134758866E0,9.733397365E-1,2.377799988E2,2.200000048E0,2.239999962E1
2.590109363E2,6.500743000E1,2.546066000E1,3.034760344E0,9.676777720E-1,2.290299988E2,2.299999952E0,2.270000076E1
2.600109363E2,6.500742000E1,2.546062333E1,2.934761787E0,9.805458188E-1,2.264700012E2,2.299999952E0,2.279999924E1
2.610109363E2,6.500740667E1,2.546059667E1,2.934765186E0,9.990758300E-1,2.238600006E2,2.299999952E0,2.260000038E1
2.620109363E2,6.500739333E1,2.546059500E1,2.934770243E0,1.000620008E0,2.111399994E2,2.200000048E0,2.289999962E1
2.630109363E2,6.500737667E1,2.546057000E1,2.834775046E0,0.000000000E0,2.111399994E2,2.200000048E0,2.250000000E1
2.640109363E2,6.500736333E1,2.546055167E1,2.634778999E0,1.035621166E0,2.120000000E2,2.200000048E0,2.200000000E1
2.650109363E2,6.500735167E1,2.546053500E1,2.534782416E0,1.045915604E0,2.120000000E2,2.200000048E0,2.210000038E1
2.660109363E2,6.500734167E1,2.546052000E1,2.334785299E0,1.047974467E0,2.120000000E2,2.200000048E0,2.220000076E1
2.670109363E2,6.500733167E1,2.546050500E1,2.134788181E0,1.065474987E0,2.120000000E2,2.200000048E0,2.250000000E1
2.680109363E2,6.500732167E1,2.546049000E1,2.034791064E0,1.136506677E0,2.120000000E2,2.299999952E0,2.260000038E1
2.690109363E2,6.500731000E1,2.546047333E1,1.834794483E0,1.180258036E0,2.120000000E2,2.299999952E0,2.320000076E1
2.700109363E2,6.500729333E1,2.546045000E1,1.434799399E0,1.201876402E0,2.120000000E2,2.299999952E0,2.279999924E1
2.710109363E2,6.500727833E1,2.546042667E1,1.234803670E0,1.216803312E0,2.120000000E2,2.299999952E0,2.329999924E1
2.720109363E2,6.500726500E1,2.546040500E1,1.034807406E0,1.225038886E0,2.120000000E2,2.299999952E0,2.360000038E1
2.730109363E2,6.500725167E1,2.546038667E1,8.348113622E-1,1.232759714E0,2.120000000E2,2.299999952E0,2.370000076E1
2.740109363E2,6.500723833E1,2.546036667E1,5.348152089E-1,1.253348589E0,2.120000000E2,2.299999952E0,2.370000076E1
2.750109363E2,6.500722500E1,2.546034667E1,3.348190560E-1,1.284746647E0,2.120000000E2,2.299999952E0,2.360000038E1
2.760109363E2,6.500721167E1,2.546032833E1,3.482301379E-2,1.315629959E0,2.120000000E2,2.299999952E0,2.300000000E1
2.770109363E2,6.500720000E1,2.546031167E1,-6.517356411E-2,1.327468634E0,2.120000000E2,2.299999952E0,2.279999924E1
2.780109363E2,6.500718833E1,2.546029333E1,-6.517025189E-2,1.315629959E0,2.120000000E2,2.299999952E0,1.920000076E1
2.790109363E2,6.500717833E1,2.546027833E1,-2.651673653E-1,1.287320256E0,2.120000000E2,2.299999952E0,1.920000076E1
2.800109363E2,6.500716833E1,2.546026333E1,-4.651644785E-1,1.268275499E0,2.120000000E2,2.299999952E0,1.950000000E1
2.810109363E2,6.500715833E1,2.546024833E1,-6.651615914E-1,1.238421679E0,2.120000000E2,2.299999952E0,2.000000000E1
2.820109363E2,6.500714667E1,2.546023333E1,-8.651580576E-1,1.218347549E0,2.120000000E2,2.400000095E0,2.010000038E1
2.830109363E2,6.500713833E1,2.546022000E1,-1.065155706E0,1.173566699E0,2.120000000E2,2.400000095E0,2.050000000E1
2.840109363E2,6.500713000E1,2.546020667E1,-1.165153355E0,1.114888310E0,2.120000000E2,2.400000095E0,2.089999962E1
2.850109363E2,6.500712000E1,2.546019333E1,-1.265150357E0,1.072166443E0,2.120000000E2,2.400000095E0,2.300000000E1
2.860109363E2,6.500710667E1,2.546017333E1,-1.265146506E0,1.050548077E0,2.120000000E2,2.400000095E0,2.360000038E1
2.870109363E2,6.500709500E1,2.546015667E1,-1.365143081E0,1.031503320E0,2.120000000E2,2.400000095E0,2.420000076E1
2.880109363E2,6.500707333E1,2.546012333E1,2.348631241E-1,1.023267746E0,2.120000000E2,2.400000095E0,2.520000076E1
2.890109363E2,6.500706500E1,2.546011167E1,1.348655870E-1,1.026356101E0,2.120000000E2,2.400000095E0,2.460000038E1
2.900109363E2,6.500705500E1,2.546009500E1,-6.513163337E-2,1.027385592E0,2.120000000E2,2.400000095E0,2.370000076E1
2.910109363E2,6.500704333E1,2.546008000E1,-1.651280967E-1,1.026356101E0,2.120000000E2,2.400000095E0,2.379999924E1
2.920109363E2,6.500703333E1,2.546006333E1,-2.651253165E-1,1.016061664E0,2.120000000E2,2.400000095E0,2.429999924E1
2.930109363E2,6.500702167E1,2.546004833E1,-4.651217792E-1,1.018120527E0,2.120000000E2,2.400000095E0,2.420000076E1
2.940109363E2,6.500701333E1,2.546003667E1,-5.651193153E-1,1.028929710E0,2.120000000E2,2.400000095E0,2.479999924E1
2.950109363E2,6.500700500E1,2.546002333E1,-5.651169611E-1,1.035106421E0,2.120000000E2,2.400000095E0,2.389999962E1
2.960109363E2,6.500699667E1,2.546001167E1,-5.651144969E-1,1.026356101E0,2.120000000E2,2.400000095E0,2.479999924E1
2.970109363E2,6.500698833E1,2.545999833E1,-6.651121423E-1,1.010399699E0,2.120000000E2,2.500000000E0,2.589999962E1
2.980109363E2,6.500697667E1,2.545998000E1,-6.651088237E-1,1.003708363E0,2.120000000E2,2.500000000E0,2.710000038E1
2.990109363E2,6.500696333E1,2.545996167E1,-5.651048578E-1,1.000105262E0,2.120000000E2,2.400000095E0,2.650000000E1
3.000109363E2,6.500696167E1,2.545996000E1,-6.651043209E-1,1.009370327E0,2.120000000E2,2.400000095E0,2.310000038E1
3.010109363E2,6.500694500E1,2.545995833E1,-4.650979621E-1,1.023782492E0,2.223699951E2,2.299999952E0,1.530000019E1
3.020109363E2,6.500692833E1,2.545992833E1,-3.650934706E-1,1.021723628E0,2.255000000E2,2.200000048E0,1.550000000E1
3.030109363E2,6.500691833E1,2.545990833E1,-6.650909071E-1,1.049518585E0,2.229299927E2,2.200000048E0,1.569999981E1
3.040109363E2,6.500689667E1,2.545987167E1,-3.650849125E-1,1.047459722E0,2.269499969E2,2.099999905E0,1.600000000E1
3.050109363E2,6.500688667E1,2.545986833E1,-4.650812501E-1,1.054151058E0,2.317299957E2,2.099999905E0,1.530000019E1
3.060109363E2,6.500687000E1,2.545985833E1,-6.650754388E-1,1.037165284E0,2.531999969E2,2.000000000E0,1.589999962E1
3.070109363E2,6.500686000E1,2.545985167E1,-5.650719958E-1,1.019150019E0,2.871799927E2,2.000000000E0,1.720000076E1
3.080109363E2,6.500686000E1,2.545984000E1,-4.650727640E-1,9.975316525E-1,3.028299866E2,1.899999976E0,1.750000000E1
3.090109363E2,6.500686500E1,2.545982333E1,-6.650758025E-1,9.831194282E-1,3.027099915E2,1.899999976E0,1.760000038E1
3.100109363E2,6.500687333E1,2.545980500E1,-8.650802451E-1,9.836341739E-1,3.128599854E2,1.899999976E0,1.789999962E1
3.110109363E2,6.500688333E1,2.545977667E1,-2.650859938E-1,1.003708363E0,3.108099976E2,1.899999976E0,1.629999924E1
3.120109363E2,6.500689333E1,2.545974667E1,-5.650918527E-1,1.042312503E0,3.115000000E2,1.899999976E0,1.589999962E1
3.130109363E2,6.500690500E1,2.545971167E1,-6.650986887E-1,1.037680030E0,3.131600037E2,1.799999952E0,1.610000038E1
3.140109363E2,6.500691667E1,2.545967667E1,-6.651055254E-1,1.101505518E0,3.105199890E2,1.799999952E0,1.650000000E1
3.150109363E2,6.500692333E1,2.545966167E1,-7.651091029E-1,1.139595032E0,3.020000000E2,1.799999952E0,1.650000000E1
3.160109363E2,6.500692667E1,2.545964667E1,-1.165111386E0,1.194670320E0,3.020000000E2,1.799999952E0,1.679999924E1
3.170109363E2,6.500693833E1,2.545960667E1,-1.165118554E0,1.247171998E0,3.020000000E2,1.799999952E0,1.610000038E1
3.180109363E2,6.500694000E1,2.545959833E1,-1.565119750E0,1.285261393E0,3.020000000E2,1.799999952E0,1.660000038E1
3.190109363E2,6.500695000E1,2.545955833E1,-1.765126271E0,1.321291924E0,3.020000000E2,1.799999952E0,1.710000038E1
3.200109363E2,6.500696000E1,2.545952000E1,-1.865132683E0,1.318718314E0,3.020000000E2,1.799999952E0,1.779999924E1
3.210109363E2,6.500697167E1,2.545948167E1,-1.865139743E0,1.291952729E0,3.020000000E2,1.799999952E0,1.820000076E1
3.220109363E2,6.500698000E1,2.545944667E1,-1.965145289E0,1.262613654E0,3.020000000E2,1.799999952E0,1.670000076E1
3.230109363E2,6.500698833E1,2.545941333E1,-2.065150725E0,1.242024779E0,3.020000000E2,1.799999952E0,1.660000038E1
3.240109363E2,6.500699667E1,2.545938167E1,-2.165156052E0,1.178713918E0,3.020000000E2,1.799999952E0,1.760000038E1
3.250109363E2,6.500699833E1,2.545938000E1,-2.265156810E0,1.121065021E0,3.020000000E2,1.799999952E0,1.670000076E1
3.260109363E2,6.500700500E1,2.545935333E1,-2.265161160E0,1.068048596E0,3.020000000E2,1.799999952E0,1.760000038E1
3.270109363E2,6.500701167E1,2.545932667E1,-2.365165510E0,1.016576409E0,3.020000000E2,1.799999952E0,1.839999962E1
3.280109363E2,6.500701833E1,2.545930333E1,-2.665169641E0,9.826047421E-1,3.020000000E2,1.799999952E0,1.810000038E1
3.290109363E2,6.500702500E1,2.545927667E1,-2.865173991E0,9.440005422E-1,3.020000000E2,1.799999952E0,1.870000076E1
3.300109363E2,6.500703167E1,2.545925333E1,-3.065178122E0,9.198086262E-1,3.020000000E2,1.799999952E0,1.789999962E1
3.310109363E2,6.500703833E1,2.545922833E1,-3.265182364E0,8.945872188E-1,3.020000000E2,1.799999952E0,1.829999924E1
3.320109363E2,6.500704333E1,2.545920500E1,-3.565185848E0,8.945872188E-1,3.020000000E2,1.799999952E0,1.810000038E1
3.330109363E2,6.500705333E1,2.545916833E1,-3.865192155E0,9.012786150E-1,3.020000000E2,1.899999976E0,1.860000038E1
3.340109363E2,6.500706167E1,2.545913500E1,-4.365197596E0,9.275294542E-1,3.020000000E2,1.899999976E0,1.829999924E1
3.350109363E2,6.500706167E1,2.545913833E1,-4.665197376E0,9.743691683E-1,3.020000000E2,1.899999976E0,1.720000076E1
3.360109363E2,6.500707000E1,2.545910500E1,-4.865202817E0,1.011943936E0,3.020000000E2,1.899999976E0,1.760000038E1
3.370109363E2,6.500707667E1,2.545907833E1,-5.065207170E0,1.034076929E0,3.020000000E2,1.899999976E0,1.839999962E1
3.380109363E2,6.500708333E1,2.545905500E1,-5.165211303E0,1.050033331E0,3.020000000E2,1.899999976E0,1.800000000E1
3.390109363E2,6.500709000E1,2.545903333E1,-5.365215327E0,1.073710561E0,3.020000000E2,2.000000000E0,1.689999962E1
3.400109363E2,6.500709500E1,2.545901000E1,-5.565218812E0,1.092755318E0,3.020000000E2,2.000000000E0,1.750000000E1
3.410109363E2,6.500710000E1,2.545899333E1,-5.865221858E0,1.100990891E0,3.020000000E2,2.000000000E0,1.850000000E1
3.420109363E2,6.500710333E1,2.545898333E1,-6.065223815E0,1.093269944E0,3.020000000E2,2.000000000E0,1.850000000E1
3.430109363E2,6.500711000E1,2.545895500E1,-6.365228279E0,1.095843554E0,3.020000000E2,2.000000000E0,1.870000076E1
3.440109363E2,6.500711167E1,2.545895000E1,-6.665229258E0,1.068048596E0,3.020000000E2,2.000000000E0,1.829999924E1
3.450109363E2,6.500711167E1,2.545894833E1,-6.965229368E0,1.032532811E0,3.020000000E2,1.899999976E0,1.910000038E1
3.460109363E2,6.500712000E1,2.545891833E1,-7.065234591E0,1.014002800E0,3.020000000E2,1.899999976E0,2.000000000E1
3.470109363E2,6.500712833E1,2.545888333E1,-7.265240145E0,1.040768385E0,3.020000000E2,1.899999976E0,1.870000076E1
3.480109363E2,6.500713833E1,2.545884500E1,-6.365246569E0,1.074740052E0,3.020000000E2,1.899999976E0,1.900000000E1
3.490109363E2,6.500714833E1,2.545880833E1,-5.665252883E0,1.087093353E0,3.020000000E2,1.899999976E0,1.879999924E1
3.500109363E2,6.500715500E1,2.545878333E1,-5.765257129E0,1.113344193E0,3.125000000E2,1.899999976E0,1.900000000E1
3.510109363E2,6.500716667E1,2.545874833E1,-5.865263983E0,1.119520783E0,3.150899963E2,1.899999976E0,1.829999924E1
3.520109363E2,6.500717000E1,2.545874167E1,-5.865265721E0,1.152977824E0,3.128299866E2,1.899999976E0,1.810000038E1
3.530109363E2,6.500717667E1,2.545873333E1,-5.865268866E0,1.150918841E0,3.159200134E2,1.899999976E0,1.889999962E1
3.540109363E2,6.500718000E1,2.545870000E1,-4.865272367E0,1.203420520E0,3.068500061E2,1.899999976E0,1.689999962E1
3.550109363E2,6.500719000E1,2.545866500E1,-4.965278573E0,1.233789206E0,3.073599854E2,1.899999976E0,1.729999924E1
3.560109363E2,6.500719333E1,2.545863833E1,-4.965281634E0,1.249745607E0,3.065199890E2,1.899999976E0,1.729999924E1
3.570109363E2,6.500720333E1,2.545860667E1,-4.965287621E0,1.226583004E0,3.076099854E2,1.899999976E0,1.700000000E1
3.580109363E2,6.500721167E1,2.545858000E1,-5.165292629E0,1.219891667E0,3.063299866E2,1.899999976E0,1.729999924E1
3.590109363E2,6.500722167E1,2.545854167E1,-3.665299057E0,1.210626721E0,3.067099915E2,1.899999976E0,1.789999962E1
3.600109363E2,6.500722667E1,2.545853167E1,-3.765301666E0,1.178713918E0,3.069599915E2,1.899999976E0,1.839999962E1
3.610109363E2,6.500723667E1,2.545849667E1,-3.665307875E0,1.178199172E0,3.067900085E2,1.899999976E0,1.829999924E1
3.620109363E2,6.500724667E1,2.545845833E1,-3.665314305E0,1.166360497E0,3.063200073E2,1.899999976E0,1.800000000E1
3.630109363E2,6.500725833E1,2.545842000E1,-3.665321385E0,1.152977824E0,3.077799988E2,1.899999976E0,1.870000076E1
3.640109363E2,6.500726833E1,2.545838667E1,-3.565327486E0,1.080401897E0,3.097900085E2,1.899999976E0,1.820000076E1
3.650109363E2,6.500726000E1,2.545836500E1,-3.465325674E0,1.002678871E0,2.751199951E2,1.799999952E0,1.750000000E1
3.660109363E2,6.500725167E1,2.545835333E1,-3.465323201E0,9.084846973E-1,2.546100006E2,1.799999952E0,1.760000038E1
3.670109363E2,6.500724667E1,2.545834000E1,-3.465322136E0,8.333352804E-1,2.831900024E2,1.799999952E0,1.870000076E1
3.680109363E2,6.500724000E1,2.545832833E1,-3.565320311E0,7.159786224E-1,4.059000015E1,1.799999952E0,1.770000076E1
3.690109363E2,6.500723667E1,2.545831667E1,-3.465319784E0,6.305347085E-1,3.159500122E2,1.799999952E0,1.839999962E1
3.700109363E2,6.500723333E1,2.545830167E1,-3.365319478E0,5.723711252E-1,3.105599976E2,1.799999952E0,1.939999962E1
3.710109363E2,6.500723333E1,2.545828000E1,-3.465320912E0,5.368552804E-1,3.087399902E2,1.899999976E0,1.900000000E1
3.720109363E2,6.500724167E1,2.545825667E1,-3.465325702E0,5.049424767E-1,3.075799866E2,2.000000000E0,1.889999962E1
3.730109363E2,6.500724167E1,2.545823167E1,-3.565327356E0,5.080308318E-1,2.952999878E2,2.000000000E0,1.870000076E1
3.740109363E2,6.500724167E1,2.545820000E1,-3.665329452E0,5.764889121E-1,2.955700073E2,2.000000000E0,2.000000000E1
3.750109363E2,6.500724500E1,2.545815500E1,-3.265333728E0,6.305347085E-1,2.847099915E2,2.000000000E0,2.060000038E1
3.760109363E2,6.500724333E1,2.545812000E1,-2.965335395E0,7.200964093E-1,2.812099915E2,2.000000000E0,2.160000038E1
3.770109363E2,6.500724500E1,2.545809667E1,-3.165337588E0,8.117169738E-1,2.879100037E2,2.000000000E0,2.270000076E1
3.780109363E2,6.500724667E1,2.545806833E1,-3.265340113E0,9.429711103E-1,2.896400146E2,2.000000000E0,2.420000076E1
3.790109363E2,6.500724667E1,2.545801500E1,-3.265343642E0,1.020179391E0,2.753800049E2,2.000000000E0,2.489999962E1
3.800109363E2,6.500724500E1,2.545796500E1,-3.365346301E0,1.085549116E0,2.656000061E2,2.099999905E0,2.550000000E1
3.810109363E2,6.500724333E1,2.545792500E1,-3.265348298E0,1.104079127E0,2.574599915E2,2.000000000E0,2.670000076E1
3.820109363E2,6.500724167E1,2.545789167E1,-2.965349854E0,1.104079127E0,2.491600037E2,2.000000000E0,2.750000000E1
3.830109363E2,6.500723333E1,2.545786000E1,-2.465348700E0,1.107167482E0,2.385000000E2,2.000000000E0,2.550000000E1
3.840109363E2,6.500722667E1,2.545783333E1,-2.165347865E0,1.095328927E0,2.301100006E2,2.000000000E0,2.610000038E1
3.850109363E2,6.500721833E1,2.545780500E1,-1.965346490E0,1.098931909E0,2.357599945E2,2.000000000E0,2.679999924E1
3.860109363E2,6.500721000E1,2.545777833E1,-1.765345004E0,1.125697494E0,2.390599976E2,2.099999905E0,2.739999962E1
3.870109363E2,6.500720167E1,2.545775333E1,-1.765343408E0,1.134962559E0,2.394600067E2,2.099999905E0,2.760000038E1
3.880109363E2,6.500719500E1,2.545772833E1,-1.665342461E0,1.126726985E0,2.367700043E2,2.099999905E0,2.810000038E1
3.890109363E2,6.500718667E1,2.545770000E1,-1.465341085E0,1.146286368E0,2.328200073E2,2.099999905E0,2.760000038E1
3.900109363E2,6.500717667E1,2.545767667E1,-1.465338727E0,1.155551434E0,2.301499939E2,2.099999905E0,2.829999924E1
3.910109363E2,6.500716500E1,2.545765333E1,-1.165335719E0,1.152977824E0,2.262700043E2,2.000000000E0,2.560000038E1
3.920109363E2,6.500715000E1,2.545763833E1,-4.653308588E-1,1.172022462E0,2.213300018E2,2.000000000E0,2.600000000E1
3.930109363E2,6.500713833E1,2.545761333E1,-1.653279598E-1,1.195184946E0,2.162599945E2,2.000000000E0,2.579999924E1
3.940109363E2,6.500712500E1,2.545759833E1,1.346762507E-1,1.184890509E0,2.370299988E2,2.000000000E0,2.760000038E1
3.950109363E2,6.500711000E1,2.545758000E1,3.346808915E-1,1.190552473E0,2.266600037E2,2.000000000E0,2.970000076E1
3.960109363E2,6.500709500E1,2.545758000E1,7.346867436E-1,1.159154415E0,2.193500061E2,2.099999905E0,3.010000038E1
3.970109363E2,6.500707833E1,2.545757500E1,1.334692916E0,1.143198013E0,2.233500061E2,2.099999905E0,2.539999962E1
3.980109363E2,6.500706500E1,2.545755667E1,2.234696907E0,1.137021422E0,2.165599976E2,2.099999905E0,2.460000038E1
3.990109363E2,6.500705000E1,2.545754333E1,2.934701880E0,1.131359458E0,2.187799988E2,2.099999905E0,2.479999924E1
4.000109363E2,6.500703667E1,2.545754167E1,3.634706972E0,1.102020264E0,2.090299988E2,2.099999905E0,2.560000038E1
4.010109363E2,6.500702500E1,2.545753000E1,3.734710754E0,1.133418322E0,2.132599945E2,2.099999905E0,2.820000076E1
4.020109363E2,6.500701500E1,2.545751167E1,3.934713447E0,1.142168641E0,2.311799927E2,2.099999905E0,2.950000000E1
4.030109363E2,6.500700333E1,2.545749000E1,4.234716570E0,1.139080286E0,2.255700073E2,2.200000048E0,3.029999924E1
4.040109363E2,6.500698167E1,2.545750833E1,6.034726233E0,1.122094393E0,2.333999939E2,2.200000048E0,3.120000076E1
4.050109363E2,6.500697500E1,2.545749833E1,6.334728175E0,1.115403056E0,2.418600006E2,2.200000048E0,3.200000000E1
4.060109363E2,6.500696833E1,2.545748000E1,6.434729568E0,1.117461920E0,2.495200043E2,2.200000048E0,3.290000153E1
4.070109363E2,6.500696333E1,2.545745833E1,6.334730091E0,1.123638630E0,2.586000061E2,2.200000048E0,3.320000076E1
4.080109363E2,6.500695833E1,2.545744333E1,5.934731053E0,1.105623364E0,2.575899963E2,2.200000048E0,3.290000153E1
4.090109363E2,6.500695333E1,2.545742500E1,5.634731795E0,1.057754159E0,2.523000031E2,2.099999905E0,3.290000153E1
4.100109363E2,6.500694667E1,2.545741000E1,5.434733409E0,1.045400858E0,2.321799927E2,2.099999905E0,1.800000000E1
4.110109363E2,6.500694167E1,2.545739833E1,5.234734591E0,1.002678871E0,2.315299988E2,2.099999905E0,1.820000076E1
4.120109363E2,6.500693667E1,2.545738333E1,4.634735554E0,9.424563646E-1,2.181399994E2,2.000000000E0,1.789999962E1
4.130109363E2,6.500693167E1,2.545737667E1,4.234737066E0,8.940724730E-1,2.083399963E2,2.000000000E0,1.810000038E1
4.140109363E2,6.500692167E1,2.545736667E1,4.234740310E0,8.837780356E-1,2.043200073E2,2.000000000E0,1.860000038E1
4.150109363E2,6.500691333E1,2.545736000E1,4.234743124E0,0.000000000E0,2.043200073E2,2.000000000E0,1.939999962E1
4.160109363E2,6.500690500E1,2.545735000E1,4.034745717E0,0.000000000E0,2.043200073E2,2.099999905E0,2.050000000E1
4.170109363E2,6.500689500E1,2.545733667E1,3.734748743E0,0.000000000E0,2.043200073E2,2.000000000E0,2.150000000E1
4.180109363E2,6.500688500E1,2.545733833E1,3.634752756E0,8.230408430E-1,2.010899963E2,2.000000000E0,2.250000000E1
4.190109363E2,6.500687500E1,2.545732500E1,3.134755781E0,0.000000000E0,2.010899963E2,2.000000000E0,2.310000038E1
4.200109363E2,6.500686500E1,2.545731167E1,2.634758807E0,8.951019645E-1,2.036799927E2,2.000000000E0,2.389999962E1
4.210109363E2,6.500685000E1,2.545729333E1,2.134763455E0,0.000000000E0,2.036799927E2,2.099999905E0,2.229999924E1
4.220109363E2,6.500683500E1,2.545728167E1,2.034768543E0,0.000000000E0,2.036799927E2,2.099999905E0,2.139999962E1
4.230109363E2,6.500681833E1,2.545726333E1,1.534773843E0,0.000000000E0,2.036799927E2,2.099999905E0,2.120000076E1
4.240109363E2,6.500680667E1,2.545724833E1,1.234777411E0,0.000000000E0,2.036799927E2,2.099999905E0,2.129999924E1
4.250109363E2,6.500679667E1,2.545723833E1,8.347806575E-1,1.110255837E0,2.033099976E2,2.099999905E0,2.100000000E1
4.260109363E2,6.500678833E1,2.545722500E1,5.347830339E-1,0.000000000E0,2.033099976E2,2.099999905E0,2.200000000E1
4.270109363E2,6.500678000E1,2.545721333E1,1.347855203E-1,0.000000000E0,2.033099976E2,2.099999905E0,2.250000000E1
4.280109363E2,6.500676833E1,2.545720333E1,-6.521058211E-2,0.000000000E0,2.033099976E2,2.099999905E0,2.310000038E1
4.290109363E2,6.500675667E1,2.545719667E1,-5.652064651E-1,0.000000000E0,2.033099976E2,2.099999905E0,2.329999924E1
4.300109363E2,6.500674667E1,2.545718667E1,-1.165203218E0,1.122609138E0,2.034499969E2,2.099999905E0,2.379999924E1
4.310109363E2,6.500673333E1,2.545717000E1,-1.665199107E0,1.125697494E0,2.043500061E2,2.200000048E0,2.439999962E1
4.320109363E2,6.500672000E1,2.545716000E1,-2.065194558E0,1.101505518E0,2.014700012E2,2.200000048E0,2.520000076E1
4.330109363E2,6.500670833E1,2.545715167E1,-2.665190550E0,1.090181708E0,2.062299957E2,2.200000048E0,2.610000038E1
4.340109363E2,6.500669500E1,2.545713833E1,-3.165186219E0,1.097387791E0,2.102799988E2,2.200000048E0,2.700000000E1
4.350109363E2,6.500668000E1,2.545712333E1,-3.465181347E0,1.095328927E0,2.103399963E2,2.200000048E0,2.520000076E1
4.360109363E2,6.500666500E1,2.545710833E1,-3.965176474E0,1.120035529E0,2.053800049E2,2.200000048E0,2.570000076E1
4.370109363E2,6.500665500E1,2.545707667E1,-4.365174648E0,1.131874204E0,2.090899963E2,2.200000048E0,2.629999924E1
4.380109363E2,6.500664333E1,2.545706667E1,-4.565170748E0,1.140109777E0,2.141199951E2,2.200000048E0,2.620000076E1
4.390109363E2,6.500663667E1,2.545703667E1,-4.565170114E0,1.153492451E0,2.168800049E2,2.200000048E0,2.610000038E1
4.400109363E2,6.500663167E1,2.545700000E1,-4.765170568E0,1.164816380E0,2.208200073E2,2.200000048E0,2.650000000E1
4.410109363E2,6.500662667E1,2.545695500E1,-4.865171569E0,1.146801114E0,2.295800018E2,2.200000048E0,2.739999962E1
4.420109363E2,6.500662333E1,2.545691667E1,-4.765172783E0,1.175625563E0,2.221199951E2,2.099999905E0,2.210000038E1
4.430109363E2,6.500661500E1,2.545690000E1,-4.665170621E0,1.199302793E0,2.161100006E2,2.099999905E0,2.110000038E1
4.440109363E2,6.500660667E1,2.545688333E1,-4.465168459E0,1.217832804E0,2.166900024E2,2.099999905E0,1.939999962E1
4.450109363E2,6.500659667E1,2.545686667E1,-4.565165645E0,1.224524140E0,2.110399933E2,2.099999905E0,1.979999924E1
4.460109363E2,6.500658833E1,2.545685167E1,-4.665163373E0,1.201361656E0,2.064499969E2,2.099999905E0,2.000000000E1
4.470109363E2,6.500656833E1,2.545683333E1,-4.565156760E0,1.216288567E0,2.085299988E2,2.099999905E0,2.000000000E1
4.480109363E2,6.500654167E1,2.545680333E1,-3.065148307E0,1.229671359E0,2.170500031E2,2.000000000E0,2.110000038E1
4.490109363E2,6.500652667E1,2.545677000E1,-2.765144630E0,1.274452209E0,2.156699982E2,2.099999905E0,1.960000038E1
4.500109363E2,6.500650667E1,2.545673667E1,-2.465138998E0,1.273422837E0,2.111100006E2,2.000000000E0,1.910000038E1
4.510109363E2,6.500649167E1,2.545671000E1,-2.465134883E0,1.292467475E0,2.109299927E2,2.000000000E0,1.939999962E1
4.520109363E2,6.500647333E1,2.545668333E1,-2.265129464E0,1.303791404E0,2.136999969E2,2.000000000E0,1.920000076E1
4.530109363E2,6.500646000E1,2.545666167E1,-2.465125671E0,1.319233060E0,2.157799988E2,1.899999976E0,1.920000076E1
4.540109363E2,6.500644500E1,2.545663667E1,-2.465121444E0,1.309968114E0,2.118500061E2,2.000000000E0,1.839999962E1
4.550109363E2,6.500643333E1,2.545662167E1,-2.465117865E0,1.293496966E0,2.087100067E2,1.899999976E0,1.889999962E1
4.560109363E2,6.500641833E1,2.545659833E1,-2.365113529E0,1.313056350E0,2.122400055E2,2.000000000E0,1.860000038E1
4.570109363E2,6.500640667E1,2.545657667E1,-2.365110385E0,1.292467475E0,2.121900024E2,1.899999976E0,1.829999924E1
4.580109363E2,6.500639333E1,2.545655500E1,-2.165106590E0,1.284231901E0,2.118699951E2,2.000000000E0,1.920000076E1
4.590109363E2,6.500637833E1,2.545653833E1,-1.965101815E0,1.234303832E0,1.912100067E2,2.000000000E0,2.020000076E1
4.600109363E2,6.500636667E1,2.545652500E1,-1.765098126E0,1.216803312E0,2.010399933E2,2.000000000E0,1.960000038E1
4.610109363E2,6.500635000E1,2.545651167E1,-1.365092481E0,1.219376922E0,1.936699982E2,2.000000000E0,1.889999962E1
4.620109363E2,6.500633500E1,2.545649500E1,-5.650877048E-1,1.213200331E0,1.916499939E2,2.000000000E0,1.839999962E1
4.630109363E2,6.500632000E1,2.545648000E1,-1.650828195E-1,1.171507835E0,2.081399994E2,1.899999976E0,1.860000038E1
4.640109363E2,6.500630500E1,2.545646000E1,5.349217392E-1,1.188493609E0,1.995800018E2,1.899999976E0,1.920000076E1
4.650109363E2,6.500629000E1,2.545644833E1,1.234926843E0,1.210626721E0,1.854199982E2,1.899999976E0,1.939999962E1
4.660109363E2,6.500627500E1,2.545643833E1,1.734932056E0,1.220921159E0,1.870599976E2,1.899999976E0,1.989999962E1
4.670109363E2,6.500625833E1,2.545642833E1,2.534937922E0,1.230186105E0,2.003699951E2,1.899999976E0,2.020000076E1
4.680109363E2,6.500624167E1,2.545642000E1,3.534943896E0,1.247686625E0,2.124600067E2,1.899999976E0,2.050000000E1
4.690109363E2,6.500622833E1,2.545640500E1,4.134948131E0,1.282173038E0,2.100200043E2,1.899999976E0,2.089999962E1
4.700109363E2,6.500621167E1,2.545639333E1,4.634953889E0,1.302247167E0,2.056600037E2,1.899999976E0,2.089999962E1
4.710109363E2,6.500619167E1,2.545639500E1,6.034961821E0,1.310997486E0,2.025099945E2,1.899999976E0,2.129999924E1
4.720109363E2,6.500617500E1,2.545639167E1,7.034968122E0,1.329527497E0,2.086999969E2,2.000000000E0,2.160000038E1
4.730109363E2,6.500616000E1,2.545638000E1,7.834973228E0,1.344969153E0,2.072100067E2,2.000000000E0,2.220000076E1
4.740109363E2,6.500614667E1,2.545636667E1,8.334977574E0,1.333645225E0,2.107899933E2,2.000000000E0,2.239999962E1
4.750109363E2,6.500613333E1,2.545635000E1,8.734981703E0,1.325924397E0,2.201300049E2,1.899999976E0,2.310000038E1
4.760109363E2,6.500612833E1,2.545632833E1,9.034982245E0,1.291438103E0,2.323600006E2,1.899999976E0,2.400000000E1
4.770119363E2,6.500612167E1,2.545632000E1,9.334984310E0,1.239451170E0,2.312200012E2,1.899999976E0,2.500000000E1
4.780119363E2,6.500611667E1,2.545631167E1,8.934985723E0,1.203420520E0,2.518000031E2,1.899999976E0,2.610000038E1
4.790119363E2,6.500611500E1,2.545629000E1,8.934984962E0,1.151948333E0,2.344900055E2,2.000000000E0,2.360000038E1
4.800119363E2,6.500611000E1,2.545627500E1,8.934985940E0,1.102535009E0,2.304600067E2,2.000000000E0,2.070000076E1
4.810119363E2,6.500610500E1,2.545626000E1,8.734986918E0,1.049518585E0,2.222400055E2,2.000000000E0,2.110000038E1
4.820119363E2,6.500610000E1,2.545624833E1,8.834988114E0,9.913550019E-1,2.179400024E2,2.000000000E0,2.050000000E1
4.830119363E2,6.500609667E1,2.545623000E1,8.834988223E0,9.357650280E-1,2.150899963E2,2.000000000E0,1.929999924E1
4.840119363E2,6.500609500E1,2.545621333E1,8.634987788E0,8.688511252E-1,2.171900024E2,2.000000000E0,1.910000038E1
4.850119363E2,6.500609000E1,2.545619500E1,8.434988550E0,8.508358598E-1,2.149600067E2,1.899999976E0,1.860000038E1
4.860119363E2,6.500608333E1,2.545617667E1,8.434989964E0,8.353941441E-1,2.152899933E2,1.899999976E0,1.770000076E1
4.870119363E2,6.500607667E1,2.545616000E1,8.234991486E0,8.353941441E-1,2.122599945E2,1.899999976E0,1.770000076E1
4.880119363E2,6.500607000E1,2.545614333E1,7.734993009E0,8.328205347E-1,2.049299927E2,1.899999976E0,1.770000076E1
4.890119363E2,6.500605833E1,2.545612667E1,7.334996489E0,8.822339177E-1,2.043999939E2,1.899999976E0,1.639999962E1
4.900119363E2,6.500604500E1,2.545611000E1,7.035000622E0,9.470888972E-1,2.049900055E2,1.899999976E0,1.650000000E1
4.910119363E2,6.500603167E1,2.545609333E1,7.035004755E0,9.784869552E-1,1.951499939E2,1.899999976E0,1.739999962E1
4.920119363E2,6.500602000E1,2.545607667E1,6.735008235E0,9.867225289E-1,2.008200073E2,1.899999976E0,1.720000076E1
4.930119363E2,6.500601167E1,2.545605333E1,5.935009978E0,9.856930375E-1,2.311399994E2,1.799999952E0,1.729999924E1
4.940119363E2,6.500600833E1,2.545603000E1,5.435009763E0,9.934138656E-1,2.426199951E2,1.799999952E0,1.750000000E1
4.950119363E2,6.500600500E1,2.545600500E1,4.935009440E0,9.790016413E-1,2.569899902E2,1.799999952E0,1.779999924E1
4.960119363E2,6.500600500E1,2.545598333E1,4.535008029E0,9.784869552E-1,2.533099976E2,1.799999952E0,1.860000038E1
4.970119363E2,6.500600833E1,2.545594000E1,4.335003902E0,1.027385592E0,2.692600098E2,1.899999976E0,1.970000076E1
4.980119363E2,6.500600667E1,2.545588333E1,4.435000865E0,1.056210041E0,2.781900024E2,1.899999976E0,2.120000076E1
4.990119363E2,6.500601167E1,2.545584333E1,4.034996302E0,1.068048596E0,2.813200073E2,2.000000000E0,2.170000076E1
5.000119363E2,6.500601833E1,2.545580000E1,3.334990869E0,1.092240572E0,2.842600098E2,2.000000000E0,2.139999962E1
5.010119363E2,6.500602333E1,2.545576333E1,2.834986523E0,1.120550275E0,2.798500061E2,2.000000000E0,1.960000038E1
5.020119363E2,6.500603333E1,2.545575000E1,2.234981737E0,1.129815221E0,3.114800110E2,2.000000000E0,1.929999924E1
5.030119363E2,6.500604167E1,2.545572667E1,1.634976953E0,1.188493609E0,3.101900024E2,2.000000000E0,1.979999924E1
5.040119363E2,6.500604833E1,2.545570333E1,1.034972821E0,1.255922198E0,2.995700073E2,2.000000000E0,2.020000076E1
5.050119363E2,6.500605500E1,2.545567333E1,4.349682549E-1,1.297614694E0,3.022099915E2,2.000000000E0,2.220000076E1
5.060119363E2,6.500606167E1,2.545563667E1,-1.650367462E-1,1.356293082E0,3.054899902E2,2.099999905E0,2.200000000E1
5.070119363E2,6.500607167E1,2.545560333E1,-1.165042837E0,1.370190501E0,3.057799988E2,2.099999905E0,2.120000076E1
5.080119363E2,6.500608167E1,2.545557000E1,-1.865048928E0,1.387176394E0,3.056300049E2,2.099999905E0,2.150000000E1
5.090119363E2,6.500608833E1,2.545555667E1,-2.365052409E0,1.350116372E0,2.990599976E2,2.099999905E0,2.239999962E1
5.100119363E2,6.500609333E1,2.545553000E1,-2.665056107E0,1.315629959E0,2.996300049E2,2.099999905E0,1.960000038E1
5.110119363E2,6.500609833E1,2.545551167E1,-2.865059262E0,1.298644185E0,2.993399963E2,2.099999905E0,2.020000076E1
5.120119363E2,6.500610333E1,2.545548833E1,-3.265062742E0,1.313571095E0,2.996300049E2,2.099999905E0,1.770000076E1
5.130119363E2,6.500610833E1,2.545546833E1,-3.565066006E0,1.303276658E0,2.994899902E2,2.099999905E0,1.670000076E1
5.140119363E2,6.500611500E1,2.545544667E1,-3.965070032E0,1.281658292E0,3.049299927E2,2.099999905E0,1.679999924E1
5.150119363E2,6.500612167E1,2.545542333E1,-4.365074167E0,1.285261393E0,3.045899963E2,2.099999905E0,1.720000076E1
5.160119363E2,6.500612833E1,2.545541000E1,-4.365077650E0,1.261069417E0,3.089700012E2,2.099999905E0,1.639999962E1
5.170119363E2,6.500613333E1,2.545539833E1,-4.565080370E0,1.257981062E0,3.084400024E2,2.099999905E0,1.689999962E1
5.180119363E2,6.500613833E1,2.545538333E1,-4.865083309E0,1.239451170E0,3.089800110E2,2.099999905E0,1.739999962E1
5.190119363E2,6.500614500E1,2.545536333E1,-5.065087227E0,1.255922198E0,3.090400085E2,2.099999905E0,1.779999924E1
5.200119363E2,6.500615500E1,2.545533667E1,-5.465092887E0,1.257466435E0,3.085100098E2,2.200000048E0,1.779999924E1
5.210119363E2,6.500616667E1,2.545532167E1,-5.965098440E0,1.272908092E0,3.161000061E2,2.200000048E0,1.770000076E1
5.220119363E2,6.500617667E1,2.545529667E1,-6.365103992E0,1.256436944E0,3.183299866E2,2.200000048E0,1.779999924E1
5.230119363E2,6.500618500E1,2.545527667E1,-6.865108565E0,1.272393346E0,3.153299866E2,2.200000048E0,1.820000076E1
5.240119363E2,6.500619667E1,2.545524500E1,-7.065115207E0,1.308938622E0,3.135700073E2,2.200000048E0,1.829999924E1
5.250119363E2,6.500620500E1,2.545522333E1,-7.565119889E0,1.277540565E0,3.192799988E2,2.200000048E0,1.839999962E1
5.260119363E2,6.500622000E1,2.545518167E1,-6.265128492E0,1.290923357E0,3.155799866E2,2.200000048E0,1.779999924E1
5.270119363E2,6.500623167E1,2.545515000E1,-6.565135136E0,1.331586361E0,3.126000061E2,2.200000048E0,1.700000000E1
5.280119363E2,6.500624000E1,2.545511500E1,-6.865140690E0,1.340336680E0,3.090899963E2,2.299999952E0,1.739999962E1
5.290119363E2,6.500624333E1,2.545508667E1,-7.065143848E0,1.343939781E0,3.032999878E2,2.299999952E0,1.789999962E1
5.300119363E2,6.500625667E1,2.545503833E1,-7.065152236E0,1.323865533E0,3.034599915E2,2.299999952E0,1.820000076E1
5.310119363E2,6.500626833E1,2.545499333E1,-6.965159754E0,1.328498006E0,3.031900024E2,2.299999952E0,1.879999924E1
5.320119363E2,6.500627333E1,2.545497000E1,-7.065163240E0,1.326953888E0,3.050599976E2,2.299999952E0,1.910000038E1
5.330119363E2,6.500627833E1,2.545494500E1,-7.265166836E0,1.312026978E0,3.082600098E2,2.200000048E0,2.239999962E1
5.340119363E2,6.500629167E1,2.545489833E1,-5.965175117E0,1.279599428E0,3.081499939E2,2.200000048E0,2.189999962E1
5.350119363E2,6.500630167E1,2.545486833E1,-6.165181003E0,1.289379120E0,3.086199951E2,2.200000048E0,2.039999962E1
5.360119363E2,6.500630667E1,2.545484500E1,-6.265184490E0,1.277540565E0,3.099100037E2,2.200000048E0,1.920000076E1
5.370119363E2,6.500631333E1,2.545482000E1,-6.365188741E0,1.229156613E0,3.068200073E2,2.200000048E0,1.929999924E1
5.380119363E2,6.500632167E1,2.545479167E1,-6.465193865E0,1.249230862E0,3.059899902E2,2.200000048E0,1.900000000E1
5.390119363E2,6.500632667E1,2.545477333E1,-6.665197026E0,1.258495808E0,3.065100098E2,2.200000048E0,1.800000000E1
5.400119363E2,6.500633833E1,2.545473833E1,-6.565203895E0,1.261069417E0,3.072999878E2,2.200000048E0,1.960000038E1
5.410119363E2,6.500635000E1,2.545469667E1,-4.765211200E0,1.265187263E0,3.063099976E2,2.200000048E0,2.020000076E1
5.420119363E2,6.500636167E1,2.545465167E1,-3.265218724E0,1.277025819E0,3.068900146E2,2.200000048E0,2.020000076E1
5.430119363E2,6.500636333E1,2.545462167E1,-3.265221341E0,1.266216636E0,3.116300049E2,2.299999952E0,2.089999962E1
5.440119363E2,6.500637500E1,2.545458500E1,-3.365228322E0,1.265701890E0,3.107000122E2,2.299999952E0,2.039999962E1
5.450119363E2,6.500638833E1,2.545454333E1,-3.465236284E0,1.278570056E0,3.103699951E2,2.299999952E0,2.060000038E1
5.460119363E2,6.500640167E1,2.545450000E1,-3.365244357E0,1.282687783E0,3.105199890E2,2.299999952E0,2.010000038E1
5.470119363E2,6.500640000E1,2.545446333E1,-3.165246102E0,1.299673557E0,2.994299927E2,2.299999952E0,2.020000076E1
5.480119363E2,6.500641000E1,2.545442333E1,-2.965252649E0,1.286805511E0,2.993500061E2,2.299999952E0,2.060000038E1
5.490119363E2,6.500640667E1,2.545438833E1,-3.065253630E0,1.284746647E0,3.042000122E2,2.299999952E0,1.989999962E1
5.500119363E2,6.500640667E1,2.545434833E1,-2.165256249E0,1.284231901E0,3.270899963E2,2.299999952E0,1.989999962E1
5.510119363E2,6.500640833E1,2.545432000E1,-2.865258758E0,1.259525299E0,3.333399963E2,2.200000048E0,2.029999924E1
5.520119363E2,6.500641167E1,2.545429333E1,-3.165261814E0,1.258495808E0,3.082900085E2,2.200000048E0,2.060000038E1
5.530119363E2,6.500641500E1,2.545428333E1,-3.465263778E0,1.250260234E0,3.093599854E2,2.200000048E0,2.020000076E1
5.540119363E2,6.500642000E1,2.545427500E1,-3.765266288E0,1.256951690E0,3.078200073E2,2.200000048E0,2.010000038E1
5.550119363E2,6.500642500E1,2.545426167E1,-4.065269126E0,1.250774980E0,3.110000000E2,2.200000048E0,1.979999924E1
5.560119363E2,6.500643167E1,2.545425333E1,-4.165272292E0,1.247171998E0,3.196799927E2,2.200000048E0,1.939999962E1
5.570119363E2,6.500644000E1,2.545425667E1,-4.465275348E0,1.210111976E0,3.195700073E2,2.200000048E0,1.989999962E1
5.580119363E2,6.500644667E1,2.545424833E1,-4.665278514E0,1.172537208E0,3.233500061E2,2.200000048E0,1.939999962E1
5.590119363E2,6.500645167E1,2.545424500E1,-4.965280697E0,1.123638630E0,3.282300110E2,2.099999905E0,1.950000000E1
5.600119363E2,6.500645667E1,2.545423167E1,-5.265283535E0,1.122094393E0,3.183900146E2,2.099999905E0,1.989999962E1
5.610119363E2,6.500646500E1,2.545421167E1,-5.665288120E0,1.140624404E0,3.157200012E2,2.099999905E0,1.960000038E1
5.620119363E2,6.500647167E1,2.545417500E1,-5.965293143E0,1.132903576E0,3.052300110E2,2.099999905E0,1.920000076E1
5.630119363E2,6.500647833E1,2.545415167E1,-6.265297292E0,1.152977824E0,3.049700012E2,2.099999905E0,1.960000038E1
5.640119363E2,6.500649000E1,2.545411000E1,-6.165304608E0,1.122094393E0,3.056700134E2,2.000000000E0,1.789999962E1
5.650119363E2,6.500649667E1,2.545408833E1,-6.565308648E0,1.129815221E0,3.048099976E2,2.000000000E0,1.800000000E1
5.660119363E2,6.500650167E1,2.545407167E1,-6.765311706E0,1.149889469E0,3.045599976E2,2.000000000E0,1.770000076E1
5.670119363E2,6.500650500E1,2.545404500E1,-7.165314765E0,1.151433587E0,3.102500000E2,2.000000000E0,1.720000076E1
5.680119363E2,6.500651000E1,2.545402500E1,-7.465318041E0,1.142683387E0,3.019299927E2,2.000000000E0,1.900000000E1
5.690119363E2,6.500651500E1,2.545400333E1,-7.765321427E0,1.184890509E0,3.019500122E2,2.000000000E0,2.000000000E1
5.700119363E2,6.500652167E1,2.545397667E1,-8.065325797E0,1.202391148E0,3.019500122E2,2.000000000E0,2.089999962E1
5.710119363E2,6.500653000E1,2.545394500E1,-8.265331150E0,1.214229703E0,3.019599915E2,2.000000000E0,2.010000038E1
5.720119363E2,6.500653500E1,2.545390667E1,-8.465335629E0,1.213714957E0,2.991600037E2,1.899999976E0,2.020000076E1
5.730119363E2,6.500653833E1,2.545387833E1,-8.665338798E0,1.167904735E0,2.943900146E2,1.899999976E0,2.010000038E1
5.740119363E2,6.500654500E1,2.545385000E1,-8.765343278E0,1.184375882E0,2.968800049E2,1.899999976E0,2.039999962E1
5.750119363E2,6.500655167E1,2.545381667E1,-8.765348086E0,1.192611337E0,2.977000122E2,1.899999976E0,2.070000076E1
5.760119363E2,6.500656000E1,2.545378500E1,-8.965353441E0,1.156066060E0,2.964299927E2,1.899999976E0,1.989999962E1
5.770119363E2,6.500656167E1,2.545375333E1,-9.065356174E0,1.181287527E0,2.904599915E2,1.899999976E0,2.029999924E1
5.780119363E2,6.500656500E1,2.545371667E1,-9.065359890E0,1.197758555E0,2.900100098E2,1.899999976E0,1.929999924E1
5.790119363E2,6.500656833E1,2.545368667E1,-9.065363170E0,1.198788047E0,2.939299927E2,1.899999976E0,1.820000076E1
5.800119363E2,6.500657333E1,2.545365500E1,-9.365367214E0,1.204450011E0,2.960400085E2,1.899999976E0,1.820000076E1
5.810119363E2,6.500657833E1,2.545362167E1,-9.465371368E0,1.165331125E0,3.019200134E2,1.899999976E0,1.850000000E1
5.820119363E2,6.500659000E1,2.545357500E1,-9.165379022E0,1.134447813E0,3.018900146E2,1.899999976E0,1.950000000E1
5.830119363E2,6.500659333E1,2.545352167E1,-8.765383833E0,1.154521942E0,2.857999878E2,2.000000000E0,1.950000000E1
5.840119363E2,6.500659667E1,2.545347000E1,-8.365388535E0,1.148859978E0,2.787300110E2,2.000000000E0,1.989999962E1
5.850119363E2,6.500659833E1,2.545341500E1,-8.065392801E0,1.091725826E0,2.822000122E2,2.000000000E0,1.939999962E1
5.860119363E2,6.500660333E1,2.545336833E1,-7.665397832E0,1.080401897E0,2.786600037E2,2.000000000E0,1.900000000E1
5.870119363E2,6.500661000E1,2.545333000E1,-7.065402972E0,1.086578608E0,2.858999939E2,1.899999976E0,1.970000076E1
5.880119363E2,6.500661167E1,2.545327333E1,-5.765407348E0,1.122094393E0,2.690299988E2,1.899999976E0,2.010000038E1
5.888064511E2,6.500652540E1,2.545282030E1,6.434598450E0,NaN,NaN,6.224100113E1,6.982199669E0
5.895110514E2,6.500661167E1,2.545327333E1,-5.765407348E0,0.000000000E0,0.000000000E0,2.900000095E0,3.179999924E1
5.900080514E2,6.500666833E1,2.545323500E1,-5.765432182E0,0.000000000E0,0.000000000E0,2.900000095E0,3.170000076E1
5.908850514E2,6.500661000E1,2.545325333E1,-5.765408004E0,6.197255850E-1,2.526000061E2,2.799999952E0,1.550000000E1
5.913850514E2,6.500662000E1,2.545321333E1,-5.765414568E0,7.942163944E-1,2.545899963E2,2.400000095E0,1.550000000E1
5.918850514E2,6.500661833E1,2.545316667E1,-5.865416975E0,1.416515589E0,2.491699982E2,2.200000048E0,1.610000038E1
5.923850514E2,6.500661500E1,2.545313000E1,-5.965418068E0,1.806674957E0,2.452200012E2,2.099999905E0,1.629999924E1
5.933850514E2,6.500661667E1,2.545305667E1,-5.265423538E0,1.426295280E0,2.701099854E2,2.000000000E0,1.770000076E1
5.948850514E2,6.500662333E1,2.545299500E1,-4.965430213E0,1.085034490E0,3.025100098E2,1.899999976E0,1.850000000E1
5.958850514E2,6.500662167E1,2.545295333E1,-4.865432291E0,1.371219993E0,2.868999939E2,1.899999976E0,1.889999962E1
5.969877267E2,6.500705370E1,2.545278650E1,6.834387583E0,NaN,NaN,3.606399918E1,2.132453203E0
5.984507267E2,6.500662000E1,2.545294667E1,-4.865432072E0,4.941333234E-1,2.178300018E2,4.199999809E0,4.520000076E1
5.989507267E2,6.500661833E1,2.545293000E1,-4.865432509E0,6.017102599E-1,2.296900024E2,4.199999809E0,1.689999962E1
5.996477267E2,6.500662333E1,2.545291500E1,-4.865435464E0,6.259022355E-1,3.018200073E2,4.099999905E0,1.519999981E1
6.001477267E2,6.500664500E1,2.545280833E1,-4.865451008E0,8.518652916E-1,3.212000122E2,3.500000000E0,1.539999962E1
6.011477267E2,6.500666833E1,2.545271167E1,-4.865466555E0,8.075991869E-1,3.018900146E2,2.700000048E0,1.679999924E1
6.026477267E2,6.500667667E1,2.545266833E1,-5.065472687E0,4.987658262E-1,3.058800049E2,2.700000048E0,1.989999962E1
6.036477267E2,6.500668333E1,2.545265500E1,-5.065476192E0,5.636208057E-1,2.899400024E2,2.799999952E0,2.289999962E1
6.046477267E2,6.500668667E1,2.545263167E1,-5.365479039E0,1.014002800E0,2.870899963E2,2.799999952E0,2.610000038E1
6.056477267E2,6.500668500E1,2.545261000E1,-5.765479805E0,7.381116748E-1,3.032999878E2,2.799999952E0,2.720000076E1
6.066477267E2,6.500669000E1,2.545260667E1,-6.065481996E0,1.030473948E0,3.240299988E2,2.799999952E0,2.960000038E1
6.076477267E2,6.500669833E1,2.545259667E1,-6.365485940E0,8.894400001E-1,3.276000061E2,2.900000095E0,3.179999924E1
6.086477267E2,6.500670500E1,2.545257500E1,-6.865489993E0,1.406735778E0,3.222399902E2,2.900000095E0,4.009999847E1
6.096477267E2,6.500671667E1,2.545255667E1,-7.365495799E0,1.179228663E0,3.169599915E2,2.900000095E0,4.279999924E1
6.106477267E2,6.500672833E1,2.545253000E1,-7.965502154E0,1.145771623E0,3.238500061E2,3.000000000E0,4.540000153E1
6.116477267E2,6.500673833E1,2.545249333E1,-8.665508509E0,7.386263609E-1,3.200100098E2,3.000000000E0,4.809999847E1
6.126477267E2,6.500674667E1,2.545247167E1,-9.465513220E0,9.393680692E-1,3.078999939E2,3.000000000E0,5.059999847E1
6.136477267E2,6.500676000E1,2.545242000E1,-1.126552188E1,1.587403297E0,3.099400024E2,2.799999952E0,4.379999924E1
6.146477267E2,6.500678500E1,2.545236333E1,-1.186553547E1,1.633213639E0,3.180400085E2,2.599999905E0,3.590000153E1
6.156477267E2,6.500680500E1,2.545229333E1,-1.146554797E1,1.229671359E0,2.994899902E2,2.500000000E0,2.950000000E1
6.166477267E2,6.500682167E1,2.545227000E1,-1.136555608E1,1.294526339E0,2.992099915E2,2.400000095E0,2.739999962E1
6.176477267E2,6.500684000E1,2.545224167E1,-1.116556518E1,1.187978864E0,3.181099854E2,2.299999952E0,2.529999924E1
6.186477267E2,6.500686167E1,2.545218167E1,-9.965577683E0,1.290923357E0,3.177900085E2,2.299999952E0,2.200000000E1
6.196477267E2,6.500687833E1,2.545214167E1,-9.665586896E0,1.328498006E0,3.150499878E2,2.200000048E0,2.289999962E1
6.206477267E2,6.500689333E1,2.545210333E1,-9.165595343E0,1.375852466E0,3.015199890E2,2.099999905E0,2.370000076E1
6.216477267E2,6.500690333E1,2.545207500E1,-8.965601158E0,1.437619209E0,2.954400024E2,2.099999905E0,2.300000000E1
6.226477267E2,6.500690833E1,2.545204833E1,-8.765604889E0,1.482399940E0,2.971300049E2,2.000000000E0,2.510000038E1
6.236477267E2,6.500691333E1,2.545202500E1,-8.665608400E0,1.425780535E0,2.922999878E2,2.000000000E0,2.429999924E1
6.246477267E2,6.500691667E1,2.545200167E1,-8.565611254E0,1.353719473E0,2.937300110E2,2.099999905E0,2.470000076E1
6.256477267E2,6.500692167E1,2.545197500E1,-8.465614986E0,1.341880798E0,3.056099854E2,2.099999905E0,2.420000076E1
6.266477267E2,6.500693000E1,2.545194833E1,-8.365620034E0,1.356807828E0,3.134500122E2,2.000000000E0,2.320000076E1
6.276477267E2,6.500694000E1,2.545192167E1,-8.065625741E0,1.332615852E0,3.039100037E2,2.000000000E0,2.360000038E1
6.286477267E2,6.500694833E1,2.545189000E1,-7.665631120E0,1.308938622E0,3.065299988E2,2.000000000E0,2.320000076E1
6.296477267E2,6.500695667E1,2.545186167E1,-7.465636280E0,1.295041084E0,3.000899963E2,2.000000000E0,2.360000038E1
6.306477267E2,6.500696167E1,2.545183167E1,-7.265640233E0,1.278055310E0,2.974599915E2,2.000000000E0,2.020000076E1
6.316477267E2,6.500696833E1,2.545180000E1,-6.965644954E0,1.259010553E0,2.995000000E2,2.000000000E0,1.979999924E1
6.326477267E2,6.500697167E1,2.545175500E1,-6.365649239E0,1.253348589E0,2.975700073E2,2.000000000E0,2.039999962E1
6.336477267E2,6.500697500E1,2.545171833E1,-5.765652973E0,1.275481701E0,2.942999878E2,2.000000000E0,2.029999924E1
6.346477267E2,6.500698500E1,2.545168333E1,-5.165659233E0,1.347542763E0,3.069400024E2,1.899999976E0,2.100000000E1
6.356477267E2,6.500699167E1,2.545165000E1,-4.765664066E0,1.376367211E0,3.052600098E2,1.899999976E0,1.939999962E1
6.366477267E2,6.500699333E1,2.545161833E1,-4.465666813E0,1.336218834E0,2.926700134E2,1.899999976E0,1.910000038E1
6.376477267E2,6.500699667E1,2.545159167E1,-4.265669890E0,1.310997486E0,2.908200073E2,1.899999976E0,1.850000000E1
6.386477267E2,6.500700167E1,2.545156167E1,-4.265673845E0,1.307394385E0,2.904800110E2,1.899999976E0,1.760000038E1
6.396477267E2,6.500700500E1,2.545153000E1,-4.065677252E0,1.279599428E0,3.013800049E2,1.899999976E0,1.800000000E1
6.406477267E2,6.500700833E1,2.545150167E1,-3.865680438E0,1.245113015E0,2.866400146E2,1.899999976E0,1.860000038E1
6.416477267E2,6.500701167E1,2.545147333E1,-3.665683625E0,1.253348589E0,2.986000061E2,1.899999976E0,1.879999924E1
6.426477267E2,6.500702000E1,2.545144667E1,-3.565688679E0,1.266216636E0,3.073200073E2,1.899999976E0,1.839999962E1
6.436477267E2,6.500702833E1,2.545142333E1,-3.465693514E0,1.248201370E0,3.079700012E2,1.899999976E0,1.820000076E1
6.446477267E2,6.500703833E1,2.545139500E1,-3.365699338E0,1.242024779E0,3.080899963E2,2.000000000E0,1.800000000E1
6.456477267E2,6.500704667E1,2.545136333E1,-3.365704723E0,1.273937464E0,3.006199951E2,2.000000000E0,1.820000076E1
6.466477267E2,6.500705500E1,2.545133167E1,-3.265710109E0,1.328498006E0,3.071499939E2,2.099999905E0,1.889999962E1
6.476477267E2,6.500706000E1,2.545130167E1,-3.165714066E0,1.344969153E0,3.019700012E2,2.099999905E0,1.829999924E1
6.486477267E2,6.500706333E1,2.545127333E1,-3.065717255E0,1.347028017E0,2.969100037E2,2.099999905E0,1.770000076E1
6.496477267E2,6.500706667E1,2.545123833E1,-2.865720884E0,1.360925555E0,2.987999878E2,2.099999905E0,1.739999962E1
6.506477267E2,6.500707500E1,2.545121000E1,-2.665726051E0,1.373793602E0,3.067099915E2,2.099999905E0,1.720000076E1
6.516477267E2,6.500708167E1,2.545118167E1,-2.565730559E0,1.386661649E0,3.049299927E2,2.099999905E0,1.720000076E1
6.526477267E2,6.500709000E1,2.545115833E1,-2.365735397E0,1.379970312E0,3.042799988E2,2.000000000E0,1.710000038E1
6.536477267E2,6.500709833E1,2.545113000E1,-2.065740565E0,1.427839398E0,2.959700012E2,2.000000000E0,1.450000000E1
6.546477267E2,6.500710667E1,2.545110000E1,-1.865745844E0,1.412397742E0,2.937999878E2,2.000000000E0,1.439999962E1
6.556477267E2,6.500711333E1,2.545107333E1,-1.565750243E0,1.355263591E0,2.944200134E2,1.899999976E0,1.389999962E1
6.566477267E2,6.500712167E1,2.545104833E1,-1.565755192E0,1.325409770E0,2.994700012E2,1.899999976E0,1.369999981E1
6.576477267E2,6.500713000E1,2.545101833E1,-1.465760472E0,1.338792443E0,3.054500122E2,1.899999976E0,1.380000019E1
6.586477267E2,6.500713833E1,2.545098667E1,-1.465765862E0,1.340851426E0,3.072200012E2,1.899999976E0,1.400000000E1
6.596477267E2,6.500714833E1,2.545096167E1,-1.365771472E0,1.351145864E0,2.914100037E2,1.899999976E0,1.400000000E1
6.606477267E2,6.500715500E1,2.545093000E1,-1.365776204E0,1.375852466E0,2.934400024E2,1.899999976E0,1.360000038E1
6.616477267E2,6.500716167E1,2.545090333E1,-1.265780605E0,1.386661649E0,2.957300110E2,1.899999976E0,1.350000000E1
6.626477267E2,6.500717000E1,2.545087833E1,-1.165785556E0,1.401073933E0,3.085100098E2,1.899999976E0,1.389999962E1
6.636477267E2,6.500718000E1,2.545085500E1,-1.065791058E0,1.342395544E0,2.910499878E2,1.899999976E0,1.380000019E1
6.646477267E2,6.500718500E1,2.545083333E1,-7.657944696E-1,1.291952729E0,3.015899963E2,1.899999976E0,1.400000000E1
6.656477267E2,6.500719333E1,2.545080833E1,-6.657994220E-1,1.307909131E0,3.118099976E2,1.899999976E0,1.350000000E1
6.666477267E2,6.500720333E1,2.545078333E1,-5.658050345E-1,1.301732540E0,3.032399902E2,1.899999976E0,1.360000038E1
6.676477267E2,6.500720833E1,2.545075833E1,-3.658086677E-1,1.299673557E0,2.985100098E2,2.000000000E0,1.380000019E1
6.686477267E2,6.500721500E1,2.545072500E1,-2.658135123E-1,1.333130598E0,3.000199890E2,1.899999976E0,1.389999962E1
6.696477267E2,6.500722167E1,2.545069667E1,-4.658180265E-1,1.308938622E0,3.045700073E2,1.899999976E0,1.350000000E1
6.706477267E2,6.500722667E1,2.545067500E1,-7.658214399E-1,1.286805511E0,2.963699951E2,2.000000000E0,1.360000038E1
6.716477267E2,6.500723333E1,2.545065167E1,-9.658256239E-1,1.282173038E0,2.969299927E2,2.000000000E0,1.380000019E1
6.726477267E2,6.500724333E1,2.545062167E1,-8.658315695E-1,1.317174196E0,3.134599915E2,2.000000000E0,1.389999962E1
6.736477267E2,6.500725333E1,2.545059333E1,-7.658374053E-1,1.351660609E0,3.068599854E2,2.000000000E0,1.410000038E1
6.746477267E2,6.500726000E1,2.545057167E1,-6.658414799E-1,1.374823093E0,3.156799927E2,2.000000000E0,1.389999962E1
6.756477267E2,6.500726500E1,2.545054500E1,-4.658452256E-1,1.363499165E0,3.054599915E2,2.000000000E0,1.380000019E1
6.766477267E2,6.500727000E1,2.545052167E1,-2.658487508E-1,1.360925555E0,3.034700012E2,2.000000000E0,1.389999962E1
6.776477267E2,6.500727667E1,2.545049500E1,-2.658531571E-1,1.371219993E0,3.154400024E2,2.000000000E0,1.450000000E1
6.786477267E2,6.500728167E1,2.545046833E1,3.414309653E-2,1.319233060E0,3.053999939E2,2.000000000E0,1.500000000E1
6.796477267E2,6.500728500E1,2.545044167E1,4.341400103E-1,1.318203568E0,3.066199951E2,2.000000000E0,1.480000019E1
6.806477267E2,6.500729333E1,2.545041833E1,7.341351635E-1,1.337248325E0,3.192200012E2,2.000000000E0,1.460000038E1
6.816477267E2,6.500730000E1,2.545039333E1,8.341308664E-1,1.311512232E0,3.062799988E2,2.000000000E0,1.489999962E1
6.826477267E2,6.500731000E1,2.545037333E1,7.341255792E-1,1.249230862E0,3.127500000E2,2.000000000E0,1.450000000E1
6.836477267E2,6.500731833E1,2.545035333E1,6.341209521E-1,1.259525299E0,3.147099915E2,2.000000000E0,1.380000019E1
6.846477267E2,6.500732667E1,2.545032833E1,7.341159936E-1,1.318718314E0,3.075499878E2,2.000000000E0,1.369999981E1
6.856477267E2,6.500733500E1,2.545030167E1,5.341109242E-1,1.318718314E0,3.011700134E2,2.000000000E0,1.389999962E1
6.866477267E2,6.500734167E1,2.545027167E1,6.341062943E-1,1.329012752E0,2.893900146E2,2.000000000E0,1.360000038E1
6.876477267E2,6.500735000E1,2.545023500E1,1.034100562E0,1.299158931E0,2.938299866E2,1.899999976E0,1.369999981E1
6.886477267E2,6.500736000E1,2.545020333E1,1.534094499E0,1.331586361E0,3.045599976E2,2.000000000E0,1.419999981E1
6.896477267E2,6.500736833E1,2.545018000E1,1.734089649E0,1.348057508E0,3.047900085E2,2.000000000E0,1.460000038E1
6.906477267E2,6.500737333E1,2.545015000E1,1.934085678E0,1.343425035E0,3.008500061E2,2.000000000E0,1.550000000E1
6.916477267E2,6.500737833E1,2.545012000E1,2.334081707E0,1.350116372E0,2.982799988E2,2.000000000E0,1.439999962E1
6.926477267E2,6.500738333E1,2.545009667E1,2.534078178E0,1.342395544E0,2.918099976E2,2.000000000E0,1.460000038E1
6.936477267E2,6.500739167E1,2.545007333E1,2.534073327E0,1.316659451E0,3.053699951E2,2.000000000E0,1.469999981E1
6.946477267E2,6.500739833E1,2.545004833E1,2.734069026E0,1.274966955E0,3.121300049E2,2.000000000E0,1.469999981E1
6.956477267E2,6.500740167E1,2.545001667E1,2.734065604E0,1.287320256E0,3.020199890E2,2.000000000E0,1.500000000E1
6.966477267E2,6.500741167E1,2.544998667E1,2.734059649E0,1.303791404E0,3.076499939E2,2.000000000E0,1.530000019E1
6.976477267E2,6.500742000E1,2.544996000E1,2.734054575E0,1.307394385E0,2.988999939E2,2.000000000E0,1.569999981E1
6.986477267E2,6.500742167E1,2.544993333E1,2.434052145E0,1.298644185E0,2.892200012E2,2.000000000E0,1.550000000E1
6.996477267E2,6.500743167E1,2.544990500E1,2.234046299E0,1.303276658E0,2.947799988E2,2.000000000E0,1.569999981E1
7.006477267E2,6.500743833E1,2.544988833E1,1.834042549E0,1.294526339E0,3.037099915E2,2.000000000E0,1.560000038E1
7.016477267E2,6.500744333E1,2.544985833E1,1.834038576E0,1.285776138E0,2.910899963E2,2.000000000E0,1.530000019E1
7.026477267E2,6.500744667E1,2.544983000E1,1.534035373E0,1.319233060E0,2.935400085E2,1.899999976E0,1.530000019E1
7.036477267E2,6.500744667E1,2.544979667E1,1.434033162E0,1.344969153E0,2.862000122E2,1.899999976E0,1.629999924E1
7.046477267E2,6.500745000E1,2.544977000E1,1.134030070E0,1.342910290E0,2.944700012E2,1.899999976E0,1.689999962E1
7.056477267E2,6.500745500E1,2.544974833E1,9.340266485E-1,1.306365013E0,2.982099915E2,1.899999976E0,1.580000019E1
7.066477267E2,6.500745667E1,2.544972833E1,6.340246601E-1,1.263643026E0,2.850599976E2,1.899999976E0,1.589999962E1
7.076477267E2,6.500746167E1,2.544970000E1,6.340207958E-1,1.253348589E0,2.806700134E2,1.899999976E0,1.629999924E1
7.086477267E2,6.500746500E1,2.544967000E1,6.340174821E-1,1.225553632E0,2.728099976E2,2.000000000E0,1.639999962E1
7.096477267E2,6.500746333E1,2.544964500E1,7.340164846E-1,1.189008355E0,2.609400024E2,2.000000000E0,1.689999962E1
7.106477267E2,6.500746333E1,2.544961667E1,1.034014604E0,1.148859978E0,2.725899963E2,2.099999905E0,1.689999962E1
7.116477267E2,6.500746333E1,2.544959500E1,1.234013167E0,1.086063862E0,2.609599915E2,2.099999905E0,1.700000000E1
7.126477267E2,6.500746333E1,2.544957500E1,1.634011840E0,9.841488600E-1,2.482299957E2,2.099999905E0,1.720000076E1
7.136477267E2,6.500746333E1,2.544956333E1,1.934011065E0,8.657627702E-1,2.577300110E2,2.200000048E0,1.760000038E1
7.146477267E2,6.500746333E1,2.544954833E1,2.334010070E0,7.746569514E-1,2.275899963E2,2.299999952E0,1.779999924E1
7.156477267E2,6.500746500E1,2.544953167E1,2.634008302E0,0.000000000E0,2.275899963E2,2.299999952E0,1.800000000E1
7.166477267E2,6.500747000E1,2.544951667E1,2.934005322E0,0.000000000E0,2.275899963E2,2.400000095E0,1.820000076E1
7.176477267E2,6.500747000E1,2.544951500E1,2.934005211E0,0.000000000E0,2.275899963E2,2.500000000E0,1.850000000E1
7.186477267E2,6.500746333E1,2.544949833E1,3.434006752E0,4.740591645E-1,2.276999969E2,2.599999905E0,1.839999962E1
7.196477267E2,6.500745500E1,2.544947500E1,-4.659914876E-1,0.000000000E0,2.276999969E2,2.599999905E0,1.779999924E1
7.206477267E2,6.500745833E1,2.544947167E1,-1.865993032E0,0.000000000E0,2.276999969E2,2.700000048E0,1.820000076E1
7.216477267E2,6.500745500E1,2.544944000E1,-2.565993810E0,0.000000000E0,2.276999969E2,2.799999952E0,1.800000000E1
7.226477267E2,6.500745333E1,2.544942667E1,-3.165994033E0,0.000000000E0,2.276999969E2,2.900000095E0,1.850000000E1
7.236477267E2,6.500745167E1,2.544941333E1,-3.565994256E0,0.000000000E0,2.276999969E2,3.099999905E0,1.879999924E1
7.246477267E2,6.500744667E1,2.544940500E1,-3.765992823E0,0.000000000E0,2.276999969E2,3.200000048E0,1.920000076E1
7.256477267E2,6.500746667E1,2.544941167E1,-3.966000323E0,0.000000000E0,2.276999969E2,3.400000095E0,1.910000038E1
7.266477267E2,6.500747833E1,2.544939667E1,-4.266005951E0,0.000000000E0,2.276999969E2,3.599999905E0,1.929999924E1
7.276477267E2,6.500748833E1,2.544938333E1,-4.166010807E0,0.000000000E0,2.276999969E2,3.900000095E0,1.679999924E1
7.286477267E2,6.500750167E1,2.544937500E1,-4.366016656E0,0.000000000E0,2.276999969E2,4.199999809E0,1.689999962E1
7.296477267E2,6.500752667E1,2.544937667E1,-4.466026473E0,0.000000000E0,2.276999969E2,4.599999905E0,1.700000000E1
7.306477267E2,6.500754000E1,2.544936333E1,-4.566032654E0,0.000000000E0,2.276999969E2,4.900000095E0,1.710000038E1
7.316477267E2,6.500754167E1,2.544935333E1,-4.666033980E0,0.000000000E0,2.276999969E2,5.300000191E0,1.700000000E1
7.326477267E2,6.500755500E1,2.544932000E1,-4.766041490E0,0.000000000E0,2.276999969E2,5.400000095E0,1.700000000E1
7.336477267E2,6.500754167E1,2.544932500E1,-4.766035862E0,0.000000000E0,2.276999969E2,5.699999809E0,1.710000038E1
7.346477267E2,6.500754333E1,2.544930167E1,-4.766038074E0,0.000000000E0,2.276999969E2,6.000000000E0,1.610000038E1
7.356477267E2,6.500755167E1,2.544933000E1,-4.866039502E0,0.000000000E0,2.276999969E2,6.199999809E0,1.610000038E1
